-- phpMyAdmin SQL Dump
-- version 3.3.9
-- http://www.phpmyadmin.net
--
-- Servidor: localhost
-- Tiempo de generación: 02-04-2021 a las 23:22:14
-- Versión del servidor: 5.5.8
-- Versión de PHP: 5.3.5

SET SQL_MODE="NO_AUTO_VALUE_ON_ZERO";


/*!40101 SET @OLD_CHARACTER_SET_CLIENT=@@CHARACTER_SET_CLIENT */;
/*!40101 SET @OLD_CHARACTER_SET_RESULTS=@@CHARACTER_SET_RESULTS */;
/*!40101 SET @OLD_COLLATION_CONNECTION=@@COLLATION_CONNECTION */;
/*!40101 SET NAMES utf8 */;

--
-- Base de datos: `dbstk`
--

-- --------------------------------------------------------

--
-- Estructura de tabla para la tabla `caja`
--

CREATE TABLE IF NOT EXISTS `caja` (
  `cja_numero` varchar(20) CHARACTER SET utf8 COLLATE utf8_spanish_ci NOT NULL,
  `cja_fecha` date NOT NULL,
  `cja_hora` time NOT NULL,
  `cja_nroperacion` varchar(20) CHARACTER SET utf8 COLLATE utf8_spanish_ci NOT NULL,
  `cja_codpersonal` int(11) NOT NULL,
  `cja_total` double NOT NULL,
  `cja_pagototal` double NOT NULL,
  `cja_dsctototal` double NOT NULL,
  `cja_totalcdescuento` double NOT NULL,
  `cja_saldo` double NOT NULL,
  `cja_totalvuelto` double NOT NULL,
  `cja_mac` varchar(100) NOT NULL,
  `cja_id` double NOT NULL,
  `cja_cajanumero` varchar(50) NOT NULL,
  `cja_estado` int(1) NOT NULL COMMENT '0 es activado, 1 desactivado y 2 bloqueado',
  PRIMARY KEY (`cja_numero`),
  KEY `cja_nroventa` (`cja_nroperacion`),
  KEY `cja_codpersonal` (`cja_codpersonal`),
  KEY `cja_cajanumero` (`cja_cajanumero`)
) ENGINE=InnoDB DEFAULT CHARSET=latin1;

--
-- Volcar la base de datos para la tabla `caja`
--

INSERT INTO `caja` (`cja_numero`, `cja_fecha`, `cja_hora`, `cja_nroperacion`, `cja_codpersonal`, `cja_total`, `cja_pagototal`, `cja_dsctototal`, `cja_totalcdescuento`, `cja_saldo`, `cja_totalvuelto`, `cja_mac`, `cja_id`, `cja_cajanumero`, `cja_estado`) VALUES
('200526CJ00001', '2020-05-26', '18:48:40', '20052600339', 1, 151470, 400000000, 0, 151470, 0, 399848530, '0A-00-27-00-00-11', 1, 'C1', 0),
('200526CJ00002', '2020-05-26', '18:54:55', '20052600340', 1, 242352000, 500000000, 0, 242352000, 0, 257648000, '0A-00-27-00-00-11', 2, 'C1', 0),
('200526CJ00003', '2020-05-26', '19:03:04', '20052600341', 1, 302940000, 0, 0, 0, 302940000, 0, '0A-00-27-00-00-11', 3, 'C1', 0),
('200526CJ00004', '2020-05-26', '19:04:01', '20052600342', 1, 302940000, 4000000000, 0, 605080000, 0, 3697060000, '0A-00-27-00-00-11', 4, 'C1', 0),
('200526CJ00005', '2020-05-26', '19:21:37', '20052600343', 1, 151470000, 0, 0, 0, 151470000, 0, '0A-00-27-00-00-11', 5, 'C1', 0),
('200526CJ00006', '2020-05-26', '19:24:15', '20052600344', 1, 612000000, 0, 0, 0, 612000000, 0, '0A-00-27-00-00-11', 6, 'C1', 0),
('200526CJ00007', '2020-05-26', '19:33:51', '20052600345', 1, 1514700000, 32728262280200.5, 0, 4474099799.5, 0, 32726747580200.5, '0A-00-27-00-00-11', 7, 'C1', 0),
('200625CJ00008', '2020-06-25', '17:43:08', '20062500107', 2, 750000000, 0, 0, 0, 750000000, 0, '0A-00-27-00-00-11', 8, 'C1', 0),
('200628CJ00009', '2020-06-28', '19:16:55', '20062500107', 2, 750000000, 0, 0, 0, 750000000, 0, '0A-00-27-00-00-11', 9, 'C1', 0),
('200628CJ00010', '2020-06-28', '22:24:33', '200628C00108', 1, 15000000, 1920000, 0, 15000000, 13080000, 0, '0A-00-27-00-00-11', 10, 'C1', 0),
('200628CJ00011', '2020-06-28', '22:38:37', '200628C00108', 1, 15000000, 10000000, 0, 15000000, 5000000, 0, '0A-00-27-00-00-11', 11, 'C1', 0),
('200628CJ00012', '2020-06-28', '22:45:41', '200628C00108', 1, 15000000, 10000000, 0, 15000000, 5000000, 0, '0A-00-27-00-00-11', 12, 'C1', 0),
('200628CJ00013', '2020-06-28', '22:55:29', '200628C00108', 1, 15000000, 10000000, 0, 15000000, 5000000, 0, '0A-00-27-00-00-11', 13, 'C1', 0),
('200628CJ00014', '2020-06-28', '22:56:36', '200628C00108', 1, 15000000, 0, 0, 0, 15000000, 0, '0A-00-27-00-00-11', 14, 'C1', 0),
('200628CJ00015', '2020-06-28', '23:19:23', '200628C00108', 1, 15000000, 0, 0, 0, 15000000, 0, '0A-00-27-00-00-11', 15, 'C1', 0),
('200628CJ00016', '2020-06-28', '23:41:03', '200628C00108', 1, 15000000, 10000000, 0, 15000000, 5000000, 0, '0A-00-27-00-00-11', 16, 'C1', 0),
('200628CJ00017', '2020-06-28', '23:51:53', '200628C00108', 1, 15000000, 10000000, 0, 15000000, 5000000, 0, '0A-00-27-00-00-11', 17, 'C1', 0),
('200628CJ00018', '2020-06-28', '23:58:03', '200628C00108', 1, 15000000, 200, 0, 15000000, 14999800, 0, '0A-00-27-00-00-11', 18, 'C1', 0),
('200629CJ00019', '2020-06-29', '00:05:50', '200628C00108', 1, 15000000, 55, 0, 15000000, 14999945, 0, '0A-00-27-00-00-11', 19, 'C1', 0),
('200629CJ00020', '2020-06-29', '00:09:47', '200629V00348', 1, 151470, 2500500, 0, 302440, 0, 2349030, '0A-00-27-00-00-11', 20, 'C1', 0),
('200629CJ00021', '2020-06-29', '21:03:20', '200628C00108', 1, 15000000, 25000000, 0, 15000000, 0, 10000000, '0A-00-27-00-00-11', 21, 'C1', 0),
('200629CJ00022', '2020-06-29', '21:19:01', '200628C00108', 1, 15000000, 0, 0, 0, 15000000, 0, '0A-00-27-00-00-11', 22, 'C1', 0),
('200629CJ00023', '2020-06-29', '21:35:23', '200628C00108', 1, 15000000, 0, 0, 0, 15000000, 0, '0A-00-27-00-00-11', 23, 'C1', 0),
('200629CJ00024', '2020-06-29', '21:47:00', '20062500107', 2, 750000000, 750000000, 0, 2137940000, 0, 0, '0A-00-27-00-00-11', 24, 'C1', 0),
('200629CJ00025', '2020-06-29', '22:24:30', '200629C00109', 1, 5000, 5300, 0, 11000, 0, 300, '0A-00-27-00-00-11', 25, 'C1', 0),
('200629CJ00026', '2020-06-29', '22:54:51', '200629C00110', 1, 2800000, 500000, 0, 2800000, 2300000, 0, '0A-00-27-00-00-11', 26, 'C1', 0),
('200629CJ00027', '2020-06-29', '22:55:43', '200629C00110', 1, 2800000, 50000, 0, 2800000, 2750000, 0, '0A-00-27-00-00-11', 27, 'C1', 0),
('200629CJ00028', '2020-06-29', '23:16:35', '200629V00349', 1, 60588, 70000, 0, 101176, 0, 9412, '0A-00-27-00-00-11', 28, 'C1', 0),
('200629CJ00029', '2020-06-29', '23:17:08', '200629C00110', 1, 2800000, 2800000, 0, 2800000, 0, 0, '0A-00-27-00-00-11', 29, 'C1', 0),
('200630CJ00030', '2020-06-30', '13:45:28', '200630C00111', 2, 120000000, 1460000, 100000, 356440000, 118440000, 0, '0A-00-27-00-00-11', 30, 'C1', 0),
('200630CJ00031', '2020-06-30', '13:56:11', '200630C00112', 1, 50000000, 2500000, 0, 50000000, 47500000, 0, '0A-00-27-00-00-11', 31, 'C1', 0),
('200630CJ00032', '2020-06-30', '13:56:46', '200630C00112', 1, 50000000, 50000000, 0, 50000000, 0, 0, '0A-00-27-00-00-11', 32, 'C1', 0),
('200630CJ00033', '2020-06-30', '14:04:21', '200630C00111', 2, 118440000, 0, 0, 0, 118440000, 0, '0A-00-27-00-00-11', 33, 'C1', 0),
('200630CJ00034', '2020-06-30', '14:05:53', '200630C00113', 1, 1000000, 660000, 20000, 1480000, 320000, 0, '0A-00-27-00-00-11', 34, 'C1', 0),
('200630CJ00035', '2020-06-30', '14:09:19', '200630C00113', 1, 320000, 320000, 0, 320000, 0, 0, '0A-00-27-00-00-11', 35, 'C1', 0),
('200630CJ00036', '2020-06-30', '14:52:22', '200630C00114', 1, 5000, 500, 500, 4500, 4000, 0, '0A-00-27-00-00-11', 36, 'C1', 0),
('200630CJ00037', '2020-06-30', '14:53:14', '200630C00114', 1, 5000, 0, 0, 0, 4000, 0, '0A-00-27-00-00-11', 37, 'C1', 0),
('200630CJ00038', '2020-06-30', '15:06:41', '200630C00114', 1, 5000, 0, 0, 0, 4000, 0, '0A-00-27-00-00-11', 38, 'C1', 0),
('200630CJ00039', '2020-06-30', '15:38:45', '200630C00114', 1, 5000, 4000, 0, 3500, 1000, 0, '0A-00-27-00-00-11', 39, 'C1', 0),
('200630CJ00040', '2020-06-30', '15:40:25', '200630C00114', 1, 5000, 0, 0, 0, 1000, 0, '0A-00-27-00-00-11', 40, 'C1', 0),
('200630CJ00041', '2020-06-30', '15:50:32', '200630C00114', 1, 5000, 0, 0, 0, 1000, 0, '0A-00-27-00-00-11', 41, 'C1', 0),
('200630CJ00042', '2020-06-30', '15:52:32', '200630C00114', 1, 5000, 0, 0, 0, 1000, 0, '0A-00-27-00-00-11', 42, 'C1', 0),
('200630CJ00043', '2020-06-30', '16:06:29', '200630C00114', 1, 5000, 4000, 0, 0, 5000, 0, '0A-00-27-00-00-11', 43, 'C1', 0),
('200630CJ00044', '2020-06-30', '16:15:17', '200630C00115', 1, 1000, 500, 0, 1000, 500, 0, '0A-00-27-00-00-11', 44, 'C1', 0),
('200630CJ00045', '2020-06-30', '16:15:45', '200630C00115', 1, 1000, 0, 0, 0, 500, 0, '0A-00-27-00-00-11', 45, 'C1', 0),
('200630CJ00046', '2020-06-30', '16:17:53', '200630C00115', 1, 1000, 0, 0, 0, 500, 0, '0A-00-27-00-00-11', 46, 'C1', 0),
('200630CJ00047', '2020-06-30', '16:18:34', '200630C00115', 1, 1000, 0, 0, 0, 500, 0, '0A-00-27-00-00-11', 47, 'C1', 0),
('200630CJ00048', '2020-06-30', '16:22:08', '200630C00116', 1, 1000, 500, 0, 1000, 500, 0, '0A-00-27-00-00-11', 48, 'C1', 0),
('200630CJ00049', '2020-06-30', '16:24:04', '200630C00116', 1, 1000, 0, 0, 0, 500, 0, '0A-00-27-00-00-11', 49, 'C1', 0),
('200630CJ00050', '2020-06-30', '16:33:05', '200630C00117', 2, 1000, 500, 0, 1000, 500, 0, '0A-00-27-00-00-11', 50, 'C1', 0),
('200630CJ00051', '2020-06-30', '16:33:46', '200630C00117', 2, 1000, 0, 0, 0, 500, 0, '0A-00-27-00-00-11', 51, 'C1', 0),
('200630CJ00052', '2020-06-30', '16:44:01', '200630C00117', 2, 1000, 0, 0, 0, 500, 0, '0A-00-27-00-00-11', 52, 'C1', 0),
('200630CJ00053', '2020-06-30', '16:44:22', '200630C00117', 2, 1000, 0, 0, 0, 500, 0, '0A-00-27-00-00-11', 53, 'C1', 0),
('200630CJ00054', '2020-06-30', '16:46:29', '200630C00118', 1, 2000, 500, 0, 2000, 1500, 0, '0A-00-27-00-00-11', 54, 'C1', 0),
('200630CJ00055', '2020-06-30', '16:47:16', '200630C00118', 1, 2000, 0, 0, 0, 2000, 0, '0A-00-27-00-00-11', 55, 'C1', 0),
('200630CJ00056', '2020-06-30', '16:49:26', '200630C00118', 1, 2000, 500, 500, 1500, 1000, 0, '0A-00-27-00-00-11', 56, 'C1', 0),
('200630CJ00057', '2020-06-30', '16:51:01', '200630C00118', 1, 2000, 0, 0, -500, 2000, 0, '0A-00-27-00-00-11', 57, 'C1', 0),
('200630CJ00058', '2020-06-30', '16:51:21', '200630C00118', 1, 2000, 500, 500, 1500, 1000, 0, '0A-00-27-00-00-11', 58, 'C1', 0),
('200630CJ00059', '2020-06-30', '16:51:58', '200630C00118', 1, 2000, 1000, 1000, 500, 0, 0, '0A-00-27-00-00-11', 59, 'C1', 0),
('200630CJ00060', '2020-06-30', '16:55:03', '200630C00117', 2, 1000, 500, 0, 500, 0, 0, '0A-00-27-00-00-11', 60, 'C1', 0),
('200630CJ00061', '2020-06-30', '16:56:47', '200630C00119', 1, 5000, 500, 500, 4500, 4000, 0, '0A-00-27-00-00-11', 61, 'C1', 0),
('200630CJ00062', '2020-06-30', '17:01:58', '200630C00119', 1, 5000, 0, 0, -500, 5000, 0, '0A-00-27-00-00-11', 62, 'C1', 0),
('200630CJ00063', '2020-06-30', '17:02:31', '200630C00119', 1, 5000, 500, 500, 4500, 4000, 0, '0A-00-27-00-00-11', 63, 'C1', 0),
('200630CJ00064', '2020-06-30', '17:03:06', '200630C00119', 1, 5000, 1500, 500, 4000, 3000, 0, '0A-00-27-00-00-11', 64, 'C1', 0),
('200630CJ00065', '2020-06-30', '17:03:54', '200630C00119', 1, 5000, 2500, 500, 4000, 2500, 0, '0A-00-27-00-00-11', 65, 'C1', 0),
('200630CJ00066', '2020-06-30', '17:04:33', '200630C00119', 1, 5000, 0, 0, -500, 5000, 0, '0A-00-27-00-00-11', 66, 'C1', 0),
('200630CJ00067', '2020-06-30', '17:04:58', '200630C00119', 1, 5000, 0, 0, 0, 5000, 0, '0A-00-27-00-00-11', 67, 'C1', 0),
('200630CJ00068', '2020-06-30', '18:01:51', '200630C00119', 1, 5000, 5000, 0, 5000, 0, 0, '0A-00-27-00-00-11', 68, 'C1', 0),
('200630CJ00069', '2020-06-30', '18:02:57', '200630C00120', 1, 300, 100, 100, 200, 100, 0, '0A-00-27-00-00-11', 69, 'C1', 0),
('200630CJ00070', '2020-06-30', '18:03:25', '200630C00120', 1, 300, 100, 100, 0, 100, 0, '0A-00-27-00-00-11', 70, 'C1', 0),
('200630CJ00071', '2020-06-30', '18:04:10', '200630C00120', 1, 300, 150, 100, 100, 50, 0, '0A-00-27-00-00-11', 71, 'C1', 0),
('200630CJ00072', '2020-06-30', '18:05:27', '200630C00121', 1, 3000, 500, 500, 2500, 2000, 0, '0A-00-27-00-00-11', 72, 'C1', 0),
('200630CJ00073', '2020-06-30', '18:05:53', '200630C00121', 1, 3000, 1500, 500, 2000, 1000, 0, '0A-00-27-00-00-11', 73, 'C1', 0),
('200630CJ00074', '2020-06-30', '18:37:37', '200630C00122', 1, 300000, 50000, 50000, 250000, 200000, 0, '0A-00-27-00-00-11', 74, 'C1', 0),
('200630CJ00075', '2020-06-30', '18:53:47', '200630C00123', 1, 30000, 5000, 5000, 25000, 20000, 0, '0A-00-27-00-00-11', 75, 'C1', 0),
('200630CJ00076', '2020-06-30', '18:57:05', '200630C00123', 1, 30000, 0, 0, 0, 20000, 0, '0A-00-27-00-00-11', 76, 'C1', 0),
('200630CJ00077', '2020-06-30', '19:08:12', '200630C00124', 1, 300000, 50000, 50000, 250000, 200000, 0, '0A-00-27-00-00-11', 77, 'C1', 0),
('200630CJ00078', '2020-06-30', '19:18:21', '200630C00124', 1, 300000, 0, 0, 0, 200000, 0, '0A-00-27-00-00-11', 78, 'C1', 0),
('200630CJ00079', '2020-06-30', '19:24:10', '200630C00124', 1, 300000, 0, 0, 0, 200000, 0, '0A-00-27-00-00-11', 79, 'C1', 0),
('200630CJ00080', '2020-06-30', '19:24:28', '200630C00124', 1, 300000, 50000, 50000, 150000, 100000, 0, '0A-00-27-00-00-11', 80, 'C1', 0),
('200630CJ00081', '2020-06-30', '19:37:12', '200630C00125', 1, 300000, 0, 0, 0, 300000, 0, '0A-00-27-00-00-11', 81, 'C1', 0),
('200630CJ00082', '2020-06-30', '19:38:12', '200630C00125', 1, 300000, 50000, 50000, 250000, 200000, 0, '0A-00-27-00-00-11', 82, 'C1', 0),
('200630CJ00083', '2020-06-30', '19:44:27', '200630C00126', 1, 300000, 50000, 50000, 250000, 200000, 0, '0A-00-27-00-00-11', 83, 'C1', 0),
('200630CJ00084', '2020-06-30', '19:45:46', '200630C00126', 1, 300000, 0, 0, -50000, 300000, 0, '0A-00-27-00-00-11', 84, 'C1', 0),
('200630CJ00085', '2020-06-30', '19:46:26', '200630C00126', 1, 300000, 400000, 0, 300000, 0, 100000, '0A-00-27-00-00-11', 85, 'C1', 0),
('200630CJ00086', '2020-06-30', '19:49:14', '200630C00127', 1, 30000, 0, 0, 0, 30000, 0, '0A-00-27-00-00-11', 86, 'C1', 0),
('200630CJ00087', '2020-06-30', '20:14:03', '200630C00128', 1, 30000, 5000, 5000, 25000, 20000, 0, '0A-00-27-00-00-11', 87, 'C1', 0),
('200630CJ00088', '2020-06-30', '20:28:39', '200630C00129', 1, 30000, 5000, 5000, 25000, 20000, 0, '0A-00-27-00-00-11', 88, 'C1', 0),
('200630CJ00089', '2020-06-30', '20:29:16', '200630C00129', 1, 30000, 0, 0, 0, 20000, 0, '0A-00-27-00-00-11', 89, 'C1', 0),
('200630CJ00090', '2020-06-30', '20:30:25', '200630C00129', 1, 30000, 0, 0, 0, 20000, 0, '0A-00-27-00-00-11', 90, 'C1', 0),
('200630CJ00091', '2020-06-30', '20:30:47', '200630C00129', 1, 30000, 0, 0, 0, 20000, 0, '0A-00-27-00-00-11', 91, 'C1', 0),
('200630CJ00092', '2020-06-30', '18:00:53', '200630C00130', 1, 50000, 5000, 5000, 45000, 40000, 0, '0A-00-27-00-00-11', 92, 'C1', 0),
('200630CJ00093', '2020-06-30', '18:03:18', '200630C00130', 1, 50000, 10000, 5000, 40000, 35000, 0, '0A-00-27-00-00-11', 93, 'C1', 0),
('200630CJ00094', '2020-06-30', '18:06:35', '200630C00130', 1, 50000, 0, 0, 0, 35000, 0, '0A-00-27-00-00-11', 94, 'C1', 0),
('200630CJ00095', '2020-06-30', '18:21:55', '200630C00131', 1, 50000, 5000, 5000, 45000, 40000, 0, '0A-00-27-00-00-11', 95, 'C1', 0),
('200630CJ00096', '2020-06-30', '18:22:40', '200630C00131', 1, 50000, 0, 0, 0, 40000, 0, '0A-00-27-00-00-11', 96, 'C1', 0),
('200630CJ00097', '2020-06-30', '18:29:20', '200630C00132', 1, 50000, 5000, 5000, 45000, 40000, 0, '0A-00-27-00-00-11', 97, 'C1', 0),
('200630CJ00098', '2020-06-30', '18:29:52', '200630C00132', 1, 50000, 0, 0, 0, 40000, 0, '0A-00-27-00-00-11', 98, 'C1', 0),
('200630CJ00099', '2020-06-30', '18:31:59', '200630C00132', 1, 50000, 0, 0, 0, 40000, 0, '0A-00-27-00-00-11', 99, 'C1', 0),
('200630CJ00100', '2020-06-30', '18:48:11', '200630C00132', 1, 50000, 0, 0, 0, 40000, 0, '0A-00-27-00-00-11', 100, 'C1', 0),
('200630CJ00101', '2020-06-30', '19:11:54', '200630C00133', 1, 500000, 100000, 50000, 850000, 350000, 0, '0A-00-27-00-00-11', 101, 'C1', 0),
('200630CJ00102', '2020-06-30', '19:36:14', '200630C00134', 1, 500000, 50000, 50000, 450000, 400000, 0, '0A-00-27-00-00-11', 102, 'C1', 0),
('200630CJ00103', '2020-06-30', '19:38:42', '200630C00134', 1, 500000, 150000, 50000, 700000, 200000, 0, '0A-00-27-00-00-11', 103, 'C1', 0),
('200630CJ00104', '2020-06-30', '19:47:59', '200630C00134', 1, 500000, 150000, 0, 325000, 50000, 0, '0A-00-27-00-00-11', 104, 'C1', 0),
('200630CJ00105', '2020-06-30', '19:54:59', '200630C00134', 1, 500000, 10000, 0, 50000, 40000, 0, '0A-00-27-00-00-11', 105, 'C1', 0),
('200703CJ00106', '2020-07-03', '17:25:36', '200630C00134', 1, 500000, 0, 0, 0, 40000, 0, '0A-00-27-00-00-11', 106, 'C1', 0),
('200713CJ00107', '2020-07-13', '16:21:56', '200703C00136', 2, 5581008, 0, 0, 0, 5581008, 0, '0A-00-27-00-00-11', 107, 'C1', 0),
('200713CJ00108', '2020-07-13', '16:23:00', '200703C00136', 2, 5581008, 0, 0, 0, 5581008, 0, '0A-00-27-00-00-11', 108, 'C1', 0),
('200713CJ00109', '2020-07-13', '16:23:12', '200703C00136', 2, 5581008, 5600000, 0, 5581008, 0, 18992, '0A-00-27-00-00-11', 109, 'C1', 0),
('200713CJ00110', '2020-07-13', '16:29:41', '200630C00134', 1, 500000, 0, 0, 0, 40000, 0, '0A-00-27-00-00-11', 110, 'C1', 0),
('200713CJ00111', '2020-07-13', '16:35:05', '200713C00137', 1, 600000, 300000, 0, 600000, 300000, 0, '0A-00-27-00-00-11', 111, 'C1', 0),
('200713CJ00112', '2020-07-13', '16:35:51', '200713C00137', 1, 600000, -300000, 0, -300000, 600000, -600000, '0A-00-27-00-00-11', 112, 'C1', 0),
('200713CJ00113', '2020-07-13', '16:36:31', '200713C00137', 1, 600000, 500000, 0, 600000, 100000, 0, '0A-00-27-00-00-11', 113, 'C1', 0),
('200713CJ00114', '2020-07-13', '16:37:17', '200713C00137', 1, 600000, 100000, 0, 100000, 0, 0, '0A-00-27-00-00-11', 114, 'C1', 0),
('200713CJ00115', '2020-07-13', '17:23:32', '200630C00129', 1, 30000, 0, 0, 0, 20000, 0, '0A-00-27-00-00-11', 115, 'C1', 0),
('200714CJ00116', '2020-07-14', '18:51:29', '200630C00134', 1, 500000, 0, 0, 0, 40000, 0, '0A-00-27-00-00-11', 116, 'C1', 0),
('200714CJ00117', '2020-07-14', '18:51:46', '200630C00134', 1, 500000, 2000, 0, 40000, 38000, 0, '0A-00-27-00-00-11', 117, 'C1', 0),
('200714CJ00118', '2020-07-14', '18:52:17', '200630C00134', 1, 500000, 0, 0, 37445, 38000, 0, '0A-00-27-00-00-11', 118, 'C1', 0),
('200714CJ00119', '2020-07-14', '18:57:24', '200713C00137', 1, 600000, 0, 0, 0, 0, 0, '0A-00-27-00-00-11', 119, 'C1', 0),
('200714CJ00120', '2020-07-14', '19:20:17', '200713C00137', 1, 600000, 0, 0, 0, 0, 0, '0A-00-27-00-00-11', 120, 'C1', 0),
('200714CJ00121', '2020-07-14', '20:06:08', '200630C00131', 1, 50000, 0, 0, 0, 45000, 0, '0A-00-27-00-00-11', 121, 'C1', 0),
('200714CJ00122', '2020-07-14', '21:19:12', '200630C00133', 1, 500000, 0, 0, 0, 350000, 0, '0A-00-27-00-00-11', 122, 'C1', 0),
('200714CJ00123', '2020-07-14', '22:09:24', '200713C00137', 1, 600000, 6000000, 0, 600000, 0, 5400000, '0A-00-27-00-00-11', 123, 'C1', 0),
('200715CJ00124', '2020-07-15', '15:34:12', '200629V00346', 1, 151470, 250000, 0, 151470, 0, 98530, '0A-00-27-00-00-11', 124, 'C1', 0),
('200715CJ00125', '2020-07-15', '15:42:13', '200715V00350', 1, 24480000, 100000, 0, 24480000, 24380000, 0, '0A-00-27-00-00-11', 125, 'C1', 0),
('200715CJ00126', '2020-07-15', '15:52:06', '200703C00136', 2, 5581008, 600, 0, 5600000, 5599400, 0, '0A-00-27-00-00-11', 126, 'C1', 0),
('200715CJ00127', '2020-07-15', '15:53:15', '200715V00350', 1, 24480000, 250000, 0, 24380000, 24130000, 0, '0A-00-27-00-00-11', 127, 'C1', 0),
('200717CJ00128', '2020-07-17', '23:39:51', '200717V00351', 1, 144.045, 15050, 0, 238.08999999999997, 0, 14905.955, '0A-00-27-00-00-11', 128, 'C1', 0),
('200717CJ00129', '2020-07-17', '23:40:30', '200717V00352', 1, 30492000, 0, 0, 0, 30492000, 0, '0A-00-27-00-00-11', 129, 'C1', 0),
('200717CJ00130', '2020-07-17', '23:42:15', '200703C00136', 2, 5581008, 3040000, 0, 13378200.000000004, 2559400.000000001, 0, '0A-00-27-00-00-11', 130, 'C1', 0),
('200717CJ00131', '2020-07-17', '23:42:44', '200717V00354', 1, 212058, 220000, 0, 566174, 0, 7942, '0A-00-27-00-00-11', 131, 'C1', 0),
('200717CJ00132', '2020-07-17', '23:44:19', '200717V00352', 1, 30492000, 16760000, 0, 85368000, 13732000, 0, '0A-00-27-00-00-11', 132, 'C1', 0),
('200717CJ00133', '2020-07-17', '23:44:55', '200715V00350', 1, 24480000, 14470000, 0, 73910000, 9660000, 0, '0A-00-27-00-00-11', 133, 'C1', 0),
('200811CJ00134', '2020-08-11', '16:14:12', '200717V00352', 1, 30492000, 1266000, 0, 39846000, 12466000, 0, '0A-00-27-00-00-11', 134, 'C1', 0),
('200811CJ00135', '2020-08-11', '16:18:33', '200717V00352', 1, 30492000, 2416000, 0, 34898000, 10050000, 0, '0A-00-27-00-00-11', 135, 'C1', 0),
('200811CJ00136', '2020-08-11', '16:44:40', '200703C00136', 2, 5581008, 500000, 0, 2559400.000000001, 2059400.000000001, 0, '0A-00-27-00-00-11', 136, 'C1', 0),
('200811CJ00137', '2020-08-11', '16:46:14', '200703C00136', 2, 5581008, 500000, 0, 2059400.000000001, 1559400.000000001, 0, '0A-00-27-00-00-11', 137, 'C1', 0),
('200811CJ00138', '2020-08-11', '16:47:24', '200811V00355', 1, 2880.9, 2900, 0, 2880.9, 0, 19.09999999999991, '0A-00-27-00-00-11', 138, 'C1', 0),
('200812CJ00139', '2020-08-12', '14:17:57', '200703C00136', 2, 5581008, 1000000, 0, 1559400.000000001, 559400.0000000009, 0, '0A-00-27-00-00-11', 139, 'C1', 0),
('200812CJ00140', '2020-08-12', '11:22:30', '200812V00358', 1, 768240, 1000000, 0, 1036480, 0, 231760, '0A-00-27-00-00-11', 140, 'C1', 0),
('200812CJ00141', '2020-08-12', '11:23:18', '200630C00134', 1, 500000, 50000, 0, 38000, 0, 0, '0A-00-27-00-00-11', 141, 'C1', 0),
('201108CJ00142', '2020-11-08', '13:12:13', '19121600002', 1, 0, 1, 0, 1, 0, 1, '0A-00-27-00-00-0E', 142, 'C1', 0),
('201108CJ00143', '2020-11-08', '13:20:36', '201108V00359', 1, 1498068, 2500000, 0, 1498068, 0, 1001932, '0A-00-27-00-00-0E', 143, 'C1', 0),
('201108CJ00144', '2020-11-08', '13:21:20', '201108V00360', 2, 135000, 250000, 0, 135000, 0, 115000, '0A-00-27-00-00-0E', 144, 'C1', 0),
('201108CJ00145', '2020-11-08', '13:58:23', '20051100315', 1, 151470, 500000, 0, 151470, 0, 348530, '0A-00-27-00-00-0E', 145, 'C1', 0),
('201108CJ00146', '2020-11-08', '14:43:26', '201108C00138', 1, 3000000, 15000000, 0, 3000000, 0, 12000000, '0A-00-27-00-00-0E', 146, 'C1', 0),
('201108CJ00147', '2020-11-08', '15:03:26', '123', 2, 1, 1, 0, 1, 0, 0, '0A-00-27-00-00-0E', 147, 'C1', 0),
('201108CJ00148', '2020-11-08', '15:15:44', '201108C00139', 1, 5000, 5000, 0, 5000, 0, 0, '0A-00-27-00-00-0E', 148, 'C1', 0),
('201109CJ00149', '2020-11-09', '09:15:41', '201109V00361', 1, 1500, 2100, 0, 1500, 0, 600, '0A-00-27-00-00-0E', 149, 'C1', 0),
('201110CJ00150', '2020-11-10', '22:25:25', '201110V00362', 1, 945750, 2500000, 0, 945750, 0, 1554250, '0A-00-27-00-00-0E', 150, 'C1', 0),
('201110CJ00151', '2020-11-10', '22:29:16', '201110C00140', 1, 225000000, 225000000, 0, 225000000, 0, 0, '0A-00-27-00-00-0E', 151, 'C1', 0),
('201116CJ00152', '2020-11-16', '11:48:12', '201116V00363', 1, 29000, 500000, 0, 29000, 0, 471000, '0A-00-27-00-00-0E', 152, 'C1', 0),
('201116CJ00153', '2020-11-16', '11:51:14', '201116C00141', 1, 6000000, 10000000, 0, 6000000, 0, 4000000, '0A-00-27-00-00-0E', 153, 'C1', 0),
('210106CJ00154', '2021-01-06', '09:43:27', '210106V00364', 1, 16632, 0, 0, 0, 16632, 0, '0A-00-27-00-00-0E', 154, 'C1', 0),
('210106CJ00155', '2021-01-06', '09:44:30', '210106V00364', 1, 16632, 100000, 0, 16632, 0, 83368, '0A-00-27-00-00-0E', 155, 'C1', 0),
('210210CJ00156', '2021-02-10', '16:52:14', '210210C00144', 1, 160, 160, 0, 160, 0, 0, '0A-00-27-00-00-0E', 156, 'C1', 0);

-- --------------------------------------------------------

--
-- Estructura de tabla para la tabla `caja_inicial`
--

CREATE TABLE IF NOT EXISTS `caja_inicial` (
  `cini_cod` int(11) NOT NULL AUTO_INCREMENT,
  `cini_dolar` double NOT NULL,
  `cini_cotdolar` double NOT NULL,
  `cini_guarani` double NOT NULL,
  `cini_cotguarani` double NOT NULL,
  `cini_real` double NOT NULL,
  `cini_cotreal` double NOT NULL,
  `cini_peso` double NOT NULL,
  `cini_cotpeso` double NOT NULL,
  `cini_user` int(11) NOT NULL,
  `cini_fecha` date NOT NULL,
  `cini_hora` time NOT NULL,
  `cini_cajanumero` varchar(50) NOT NULL,
  PRIMARY KEY (`cini_cod`)
) ENGINE=InnoDB  DEFAULT CHARSET=latin1 AUTO_INCREMENT=14 ;

--
-- Volcar la base de datos para la tabla `caja_inicial`
--

INSERT INTO `caja_inicial` (`cini_cod`, `cini_dolar`, `cini_cotdolar`, `cini_guarani`, `cini_cotguarani`, `cini_real`, `cini_cotreal`, `cini_peso`, `cini_cotpeso`, `cini_user`, `cini_fecha`, `cini_hora`, `cini_cajanumero`) VALUES
(1, 1, 1, 1, 0, 0, 0, 0, 0, 1, '2020-08-06', '17:07:28', '2'),
(2, 2, 2, 2, 0, 0, 0, 0, 0, 2, '2020-08-06', '17:07:28', '2'),
(3, 1, 1, 1, 1, 1, 1, 1, 1, 1, '2020-08-06', '21:21:23', 'C1'),
(4, 0, 5000, 0, 1, 0, 1600, 0, 70, 1, '2020-08-06', '22:40:54', 'C2'),
(5, 0, 5000, 0, 1, 0, 1600, 0, 70, 1, '2020-08-06', '22:41:50', 'C2'),
(6, 0, 5000, 0, 1, 0, 1600, 0, 70, 1, '2020-08-06', '22:42:15', 'C2'),
(7, 0, 5000, 0, 1, 0, 1600, 0, 70, 1, '2020-08-06', '22:42:24', 'C2'),
(8, 0, 5000, 0, 1, 0, 1600, 0, 70, 1, '2020-08-06', '22:42:33', 'C1'),
(9, 0, 5000, 0, 1, 0, 1600, 0, 70, 1, '2020-08-07', '11:15:16', 'C1'),
(10, 5000, 5000, 1500000, 1, 2000, 1600, 30000, 70, 1, '2020-08-07', '11:15:51', 'C1'),
(11, 5000, 5000, 1500000, 1, 2000, 1600, 30000, 70, 1, '2020-08-07', '11:22:09', 'C1'),
(12, 20, 5000, 200000, 1, 20, 1600, 300, 70, 1, '2020-08-07', '13:38:48', 'C2'),
(13, 100, 5000, 25000, 1, 500, 1600, 3000, 70, 1, '2020-11-10', '22:19:28', 'C1');

-- --------------------------------------------------------

--
-- Estructura de tabla para la tabla `caja_pagos`
--

CREATE TABLE IF NOT EXISTS `caja_pagos` (
  `cpago_numero` int(11) NOT NULL,
  `cpago_numerocaja` varchar(80) CHARACTER SET utf8 COLLATE utf8_spanish_ci NOT NULL,
  `cpago_numoperacion` varchar(80) CHARACTER SET utf8 COLLATE utf8_spanish_ci NOT NULL COMMENT 'Numero de compra o venta',
  `cpago_codmoneda` int(5) NOT NULL,
  `cpago_cotizacion` double NOT NULL,
  `cpago_descuento` double NOT NULL,
  `cpago_pago` double NOT NULL,
  `cpago_desctotal` double NOT NULL,
  `cpago_pagototal` double NOT NULL,
  `cpago_vuelto` double NOT NULL DEFAULT '0',
  `cpago_operacion` int(1) NOT NULL COMMENT '0 es cobro venta, 1 pago de compra y 2 gastos',
  `cpago_cajanumero` varchar(20) NOT NULL COMMENT 'Codigo de la caja',
  `cpago_fecha` date NOT NULL,
  `cpago_hora` time NOT NULL,
  `cpago_user` int(11) NOT NULL,
  `cpago_ncierre` int(11) NOT NULL DEFAULT '0',
  `cpago_estado` int(1) NOT NULL COMMENT '0 es activado, 1 eliminado',
  PRIMARY KEY (`cpago_numero`),
  KEY `cpago_numerocaja` (`cpago_numerocaja`),
  KEY `cpago_codmoneda` (`cpago_codmoneda`),
  KEY `cpago_cajanumero` (`cpago_cajanumero`),
  KEY `cpago_user` (`cpago_user`)
) ENGINE=InnoDB DEFAULT CHARSET=latin1;

--
-- Volcar la base de datos para la tabla `caja_pagos`
--

INSERT INTO `caja_pagos` (`cpago_numero`, `cpago_numerocaja`, `cpago_numoperacion`, `cpago_codmoneda`, `cpago_cotizacion`, `cpago_descuento`, `cpago_pago`, `cpago_desctotal`, `cpago_pagototal`, `cpago_vuelto`, `cpago_operacion`, `cpago_cajanumero`, `cpago_fecha`, `cpago_hora`, `cpago_user`, `cpago_ncierre`, `cpago_estado`) VALUES
(1, '200629CJ00021', '200628C00108', 4, 0, 5000, 0, 5000, 0, 0, 0, 'C2', '2020-06-29', '21:06:30', 2, 7, 1),
(2, '200629CJ00024', '20062500107', 4, 5000, 0, 6, 0, 30000, 0, 1, 'C1', '2020-06-29', '21:47:54', 1, 0, 0),
(3, '200629CJ00024', '20062500107', 3, 1600, 0, 70000, 0, 112000000, 0, 1, 'C1', '2020-06-29', '21:47:54', 1, 0, 0),
(4, '200629CJ00024', '20062500107', 4, 5000, 0, 127594, 0, 637970000, 0, 1, 'C1', '2020-06-29', '21:47:54', 1, 0, 0),
(5, '200629CJ00025', '200629C00109', 1, 1, 0, 1200, 0, 1200, 0, 1, 'C1', '2020-06-29', '22:24:56', 1, 0, 0),
(6, '200629CJ00025', '200629C00109', 3, 1600, 0, 1, 0, 1600, 0, 1, 'C1', '2020-06-29', '22:24:56', 1, 0, 0),
(7, '200629CJ00025', '200629C00109', 4, 5000, 0, 0.5, 0, 2500, 0, 1, 'C1', '2020-06-29', '22:24:56', 1, 0, 0),
(8, '200629CJ00026', '200629C00110', 4, 5000, 0, 100, 0, 500000, 0, 1, 'C1', '2020-06-29', '22:55:20', 1, 0, 0),
(10, '200629CJ00027', '200629C00110', 5, 1.5, 0, 50000, 0, 50000, 0, 1, 'C1', '2020-06-29', '22:56:43', 1, 0, 0),
(11, '200629CJ00028', '200629V00349', 5, 1.5, 0, 20000, 0, 20000, 0, 0, 'C1', '2020-06-29', '23:16:50', 1, 0, 0),
(12, '200629CJ00028', '200629V00349', 4, 5000, 0, 10, 0, 50000, 0, 0, 'C1', '2020-06-29', '23:16:50', 1, 0, 0),
(15, '200629CJ00029', '200629C00110', 4, 5000, 0, 560, 0, 2800000, 0, 1, 'C1', '2020-06-29', '23:17:27', 1, 0, 0),
(17, '200630CJ00030', '200630C00111', 3, 1600, 0, 600, 0, 960000, 0, 1, 'C2', '2020-06-30', '13:46:47', 1, 0, 0),
(18, '200630CJ00030', '200630C00111', 1, 1, 100000, 500000, 100000, 500000, 0, 1, 'C2', '2020-06-30', '13:46:47', 1, 0, 0),
(19, '200630CJ00031', '200630C00112', 4, 5000, 0, 500, 0, 2500000, 0, 1, 'C1', '2020-06-30', '13:56:22', 1, 0, 0),
(21, '200630CJ00032', '200630C00112', 4, 5000, 0, 10000, 0, 50000000, 0, 1, 'C1', '2020-06-30', '13:57:06', 1, 0, 0),
(22, '200630CJ00034', '200630C00113', 4, 5000, 0, 100, 0, 500000, 0, 1, 'C2', '2020-06-30', '14:06:52', 1, 0, 0),
(23, '200630CJ00034', '200630C00113', 3, 1600, 12.5, 100, 20000, 160000, 0, 1, 'C2', '2020-06-30', '14:06:52', 1, 0, 0),
(26, '200630CJ00035', '200630C00113', 1, 1, 0, 320000, 0, 320000, 0, 1, 'C1', '2020-06-30', '14:09:38', 1, 0, 0),
(27, '200630CJ00058', '200630C00118', 1, 1, 500, 500, 500, 500, 0, 1, 'C1', '2020-06-30', '16:51:28', 1, 0, 0),
(29, '200630CJ00059', '200630C00118', 1, 1, 500, 500, 500, 500, 0, 1, 'C1', '2020-06-30', '16:52:09', 1, 0, 0),
(30, '200630CJ00060', '200630C00117', 4, 5000, 0, 0.1, 0, 500, 0, 1, 'C1', '2020-06-30', '16:55:13', 1, 0, 0),
(31, '200630CJ00068', '200630C00119', 1, 1, 0, 5000, 0, 5000, 0, 1, 'C1', '2020-06-30', '18:01:56', 1, 0, 0),
(32, '200630CJ00069', '200630C00120', 1, 1, 100, 100, 100, 100, 0, 1, 'C1', '2020-06-30', '18:03:08', 1, 0, 0),
(34, '200630CJ00071', '200630C00120', 1, 1, 0, 50, 0, 50, 0, 1, 'C1', '2020-06-30', '18:04:23', 1, 0, 0),
(35, '200630CJ00072', '200630C00121', 1, 1, 500, 500, 500, 500, 0, 1, 'C1', '2020-06-30', '18:05:39', 1, 0, 0),
(37, '200630CJ00073', '200630C00121', 1, 1, 0, 1000, 0, 1000, 0, 1, 'C1', '2020-06-30', '18:06:04', 1, 0, 0),
(38, '200630CJ00074', '200630C00122', 4, 5000, 10, 10, 50000, 50000, 0, 1, 'C1', '2020-06-30', '18:38:06', 1, 0, 0),
(39, '200630CJ00080', '200630C00124', 1, 1, 50000, 50000, 50000, 50000, 0, 1, 'C1', '2020-06-30', '19:24:47', 1, 0, 0),
(40, '200630CJ00082', '200630C00125', 1, 1, 50000, 50000, 50000, 50000, 0, 1, 'C1', '2020-06-30', '19:39:07', 1, 0, 0),
(41, '200630CJ00085', '200630C00126', 4, 5000, 0, 80, 0, 400000, 0, 1, 'C1', '2020-06-30', '19:46:37', 1, 0, 0),
(42, '200630CJ00087', '200630C00128', 1, 1, 5000, 5000, 5000, 5000, 0, 1, 'C1', '2020-06-30', '20:16:02', 1, 0, 0),
(43, '200630CJ00092', '200630C00130', 1, 1, 5000, 5000, 5000, 5000, 0, 1, 'C1', '2020-06-30', '18:02:33', 1, 0, 0),
(44, '200630CJ00097', '200630C00132', 1, 1, 5000, 5000, 5000, 5000, 0, 1, 'C1', '2020-06-30', '18:29:43', 1, 0, 0),
(45, '200630CJ00101', '200630C00133', 1, 1, 50000, 50000, 50000, 50000, 0, 1, 'C1', '2020-06-30', '19:12:46', 1, 0, 0),
(46, '200630CJ00101', '200630C00133', 4, 5000, 0, 10, 0, 50000, 0, 1, 'C1', '2020-06-30', '19:12:46', 1, 0, 1),
(47, '200630CJ00102', '200630C00134', 1, 1, 50000, 50000, 50000, 50000, 0, 1, 'C1', '2020-06-30', '19:36:49', 1, 0, 0),
(50, '200630CJ00103', '200630C00134', 4, 5000, 10, 30, 50000, 150000, 0, 1, 'C1', '2020-06-30', '19:40:08', 1, 0, 0),
(54, '200630CJ00104', '200630C00134', 4, 5000, 0, 30, 0, 150000, 0, 1, 'C1', '2020-06-30', '19:48:35', 1, 0, 0),
(58, '200630CJ00105', '200630C00134', 1, 1, 0, 10000, 0, 10000, 0, 1, 'C1', '2020-06-30', '19:56:23', 1, 0, 0),
(59, '200713CJ00109', '200703C00136', 1, 1, 0, 5600000, 0, 5600000, 0, 1, 'C1', '2020-07-13', '16:24:04', 1, 0, 1),
(60, '200713CJ00111', '200713C00137', 1, 1, 0, 300000, 0, 300000, 0, 1, 'C1', '2020-07-13', '16:35:21', 1, 0, 1),
(61, '200713CJ00113', '200713C00137', 4, 5000, 0, 100, 0, 500000, 0, 1, 'C1', '2020-07-13', '16:37:05', 1, 0, 1),
(63, '200713CJ00114', '200713C00137', 1, 1, 0, 100000, 0, 100000, 0, 1, 'C1', '2020-07-13', '16:37:39', 1, 0, 1),
(68, '200714CJ00117', '200630C00134', 1, 1, 0, 2000, 0, 2000, 0, 1, 'C1', '2020-07-14', '18:52:01', 1, 0, 0),
(69, '200714CJ00123', '200713C00137', 5, 1.5, 0, 6000000, 0, 6000000, 0, 1, 'C1', '2020-07-14', '22:09:24', 1, 0, 0),
(70, '200715CJ00124', '200629V00346', 4, 5000, 0, 50, 0, 250000, 0, 0, 'C1', '2020-07-15', '15:34:12', 1, 0, 0),
(71, '200715CJ00125', '200715V00350', 1, 1, 0, 100000, 0, 100000, 0, 0, 'C1', '2020-07-15', '15:42:49', 1, 0, 0),
(72, '200715CJ00126', '200703C00136', 1, 1, 0, 600, 0, 600, 0, 1, 'C1', '2020-07-15', '15:52:07', 1, 0, 0),
(74, '200715CJ00127', '200715V00350', 4, 5000, 0, 50, 0, 250000, 0, 0, 'C1', '2020-07-15', '15:53:15', 1, 0, 0),
(75, '200717CJ00128', '200717V00351', 1, 1, 0, 50, 0, 50, 0, 0, 'C1', '2020-07-17', '23:40:05', 1, 0, 0),
(76, '200717CJ00128', '200717V00351', 4, 5000, 0, 3, 0, 15000, 0, 0, 'C1', '2020-07-17', '23:40:05', 1, 0, 0),
(78, '200717CJ00130', '200703C00136', 4, 5000, 0, 300, 0, 1500000, 0, 1, 'C1', '2020-07-17', '23:42:15', 1, 0, 0),
(79, '200717CJ00130', '200703C00136', 2, 70, 0, 6000, 0, 420000, 0, 1, 'C1', '2020-07-17', '23:42:15', 1, 0, 0),
(80, '200717CJ00130', '200703C00136', 3, 1600, 0, 700, 0, 1120000, 0, 1, 'C1', '2020-07-17', '23:42:15', 1, 0, 0),
(81, '200717CJ00131', '200717V00354', 4, 5000, 0, 2, 0, 10000, 0, 0, 'C1', '2020-07-17', '23:43:06', 1, 0, 0),
(82, '200717CJ00131', '200717V00354', 1, 1, 0, 50000, 0, 50000, 0, 0, 'C1', '2020-07-17', '23:43:06', 1, 0, 0),
(83, '200717CJ00131', '200717V00354', 3, 1600, 0, 100, 0, 160000, 0, 0, 'C1', '2020-07-17', '23:43:06', 1, 0, 0),
(84, '200717CJ00132', '200717V00352', 4, 5000, 0, 1000, 0, 5000000, 0, 0, 'C1', '2020-07-17', '23:44:20', 1, 0, 0),
(85, '200717CJ00132', '200717V00352', 3, 1600, 0, 6500, 0, 10400000, 0, 0, 'C1', '2020-07-17', '23:44:20', 1, 0, 0),
(86, '200717CJ00132', '200717V00352', 1, 1, 0, 800000, 0, 800000, 0, 0, 'C1', '2020-07-17', '23:44:20', 1, 0, 0),
(87, '200717CJ00132', '200717V00352', 2, 70, 0, 8000, 0, 560000, 0, 0, 'C1', '2020-07-17', '23:44:20', 1, 0, 0),
(90, '200717CJ00133', '200715V00350', 6, 1, 0, 70000, 0, 70000, 0, 0, 'C1', '2020-07-17', '23:44:55', 1, 0, 0),
(91, '200717CJ00133', '200715V00350', 4, 5000, 0, 2000, 0, 10000000, 0, 0, 'C1', '2020-07-17', '23:44:55', 1, 0, 0),
(92, '200717CJ00133', '200715V00350', 3, 1600, 0, 1500, 0, 2400000, 0, 0, 'C1', '2020-07-17', '23:44:55', 1, 0, 0),
(93, '200717CJ00133', '200715V00350', 1, 1, 0, 2000000, 0, 2000000, 0, 0, 'C1', '2020-07-17', '23:44:55', 1, 0, 0),
(98, '200811CJ00135', '200717V00352', 1, 1, 0, 500000, 0, 500000, 0, 0, 'C1', '2020-08-11', '16:18:34', 1, 2, 0),
(99, '200811CJ00135', '200717V00352', 4, 5000, 0, 300, 0, 1500000, 0, 0, 'C1', '2020-08-11', '16:18:34', 1, 2, 0),
(100, '200811CJ00135', '200717V00352', 3, 1600, 0, 260, 0, 416000, 0, 0, 'C1', '2020-08-11', '16:18:34', 1, 2, 0),
(105, '200811CJ00137', '200703C00136', 4, 5000, 0, 100, 0, 500000, 0, 1, 'C1', '2020-08-11', '16:46:14', 1, 2, 0),
(106, '200811CJ00138', '200811V00355', 4, 5000, 0, 0.58, 0, 2900, 0, 0, 'C1', '2020-08-11', '16:47:41', 1, 2, 0),
(112, '200812CJ00139', '200703C00136', 4, 5000, 0, 200, 0, 1000000, 0, 1, 'C1', '2020-08-12', '14:17:57', 1, 3, 0),
(113, '200812CJ00140', '200812V00358', 4, 5000, 0, 100, 0, 500000, 0, 0, 'C1', '2020-08-12', '11:22:47', 1, 4, 0),
(114, '200812CJ00140', '200812V00358', 1, 1, 0, 500000, 0, 500000, 0, 0, 'C1', '2020-08-12', '11:22:47', 1, 4, 0),
(120, '200812CJ00141', '200630C00134', 4, 5000, 0, 10, 0, 50000, 0, 1, 'C1', '2020-08-12', '11:23:18', 1, 4, 0),
(121, '201108CJ00142', '19121600002', 1, 1, 0, 1, 0, 1, 0, 0, 'C1', '2020-11-08', '13:12:13', 1, 5, 0),
(122, '201108CJ00143', '201108V00359', 4, 5000, 0, 500, 0, 2500000, 0, 0, 'C1', '2020-11-08', '13:20:52', 1, 6, 0),
(123, '201108CJ00144', '201108V00360', 4, 5000, 0, 50, 0, 250000, 0, 0, 'C1', '2020-11-08', '13:21:26', 1, 6, 0),
(124, '201108CJ00145', '20051100315', 1, 1, 0, 500000, 0, 500000, 0, 0, 'C1', '2020-11-08', '13:58:24', 1, 6, 0),
(125, '201108CJ00146', '201108C00138', 4, 5000, 0, 3000, 0, 15000000, 0, 1, 'C1', '2020-11-08', '14:43:26', 1, 7, 0),
(126, '201108CJ00147', '123', 1, 1, 0, 1, 0, 1, 0, 0, 'C1', '2020-11-08', '15:03:26', 1, 7, 0),
(127, '201108CJ00148', '201108C00139', 1, 1, 0, 5000, 0, 5000, 0, 1, 'C1', '2020-11-08', '15:15:45', 1, 8, 0),
(128, '201109CJ00149', '201109V00361', 2, 70, 0, 30, 0, 2100, 0, 0, 'C1', '2020-11-09', '09:15:56', 1, 0, 0),
(130, '201110CJ00150', '201110V00362', 4, 5000, 0, 500, 0, 2500000, 0, 0, 'C1', '2020-11-10', '22:26:37', 1, 9, 0),
(131, '201110CJ00151', '201110C00140', 4, 5000, 0, 45000, 0, 225000000, 0, 1, 'C1', '2020-11-10', '22:29:16', 1, 9, 0),
(132, '201116CJ00152', '201116V00363', 4, 5000, 0, 100, 0, 500000, 471000, 0, 'C1', '2020-11-16', '11:48:30', 1, 10, 0),
(133, '201116CJ00153', '201116C00141', 4, 5000, 0, 2000, 0, 10000000, 4000000, 1, 'C1', '2020-11-16', '11:51:14', 1, 10, 0),
(134, '210106CJ00155', '210106V00364', 4, 5000, 0, 20, 0, 100000, 83368, 0, 'C1', '2021-01-06', '09:44:31', 1, 0, 0),
(135, '210210CJ00156', '210210C00144', 1, 1, 0, 160, 0, 160, 0, 1, 'C1', '2021-02-10', '16:52:14', 1, 0, 0);

-- --------------------------------------------------------

--
-- Estructura de tabla para la tabla `cfg_caja`
--

CREATE TABLE IF NOT EXISTS `cfg_caja` (
  `cjs_numero` varchar(50) NOT NULL,
  `cjs_descripcion` varchar(80) NOT NULL,
  `cjs_mac` varchar(100) NOT NULL DEFAULT '0',
  `cjs_tipdesc` int(1) NOT NULL DEFAULT '0',
  `cjs_descuento` int(11) NOT NULL DEFAULT '0',
  `cjs_nivel` int(1) NOT NULL DEFAULT '0',
  `cjs_imprimir` int(1) NOT NULL DEFAULT '0',
  `cjs_id` int(11) NOT NULL,
  `cjs_inicialdef` int(1) NOT NULL DEFAULT '0',
  `cjs_estado` int(11) NOT NULL DEFAULT '0' COMMENT '0 es activado, 1 desactivado y 2 bloqueado',
  PRIMARY KEY (`cjs_numero`)
) ENGINE=InnoDB DEFAULT CHARSET=latin1;

--
-- Volcar la base de datos para la tabla `cfg_caja`
--

INSERT INTO `cfg_caja` (`cjs_numero`, `cjs_descripcion`, `cjs_mac`, `cjs_tipdesc`, `cjs_descuento`, `cjs_nivel`, `cjs_imprimir`, `cjs_id`, `cjs_inicialdef`, `cjs_estado`) VALUES
('C1', 'CAJA1', '0', 0, 0, 0, 0, 1, 1, 0),
('C2', 'CAJA2', '0A-00-27-00-00-11', 1, 30, 0, 0, 0, 1, 0);

-- --------------------------------------------------------

--
-- Estructura de tabla para la tabla `cierre_caja`
--

CREATE TABLE IF NOT EXISTS `cierre_caja` (
  `crre_numero` int(11) NOT NULL AUTO_INCREMENT,
  `crre_fecha` date NOT NULL,
  `crre_hora` time NOT NULL,
  `crre_nrocaja` varchar(50) NOT NULL,
  `crre_cantnotas` int(11) NOT NULL,
  `crre_notascont` int(11) NOT NULL,
  `crre_notascred` int(11) NOT NULL,
  `crre_notasanul` int(11) NOT NULL,
  `crre_totalventa` double NOT NULL,
  `crre_costo` double NOT NULL,
  `crre_ganancia` double NOT NULL,
  `crre_credgenerado` double NOT NULL,
  `crre_credcobrado` double NOT NULL,
  `crre_cobrototal` double NOT NULL,
  `crre_pagoprov` double NOT NULL,
  `crre_gastos` double NOT NULL,
  `crre_cajainicial` double NOT NULL,
  `crre_descpos` double NOT NULL,
  `crre_descneg` double NOT NULL,
  `crre_numcd` varchar(20) NOT NULL DEFAULT '0',
  `crre_user` int(11) NOT NULL,
  PRIMARY KEY (`crre_numero`)
) ENGINE=InnoDB  DEFAULT CHARSET=latin1 AUTO_INCREMENT=11 ;

--
-- Volcar la base de datos para la tabla `cierre_caja`
--

INSERT INTO `cierre_caja` (`crre_numero`, `crre_fecha`, `crre_hora`, `crre_nrocaja`, `crre_cantnotas`, `crre_notascont`, `crre_notascred`, `crre_notasanul`, `crre_totalventa`, `crre_costo`, `crre_ganancia`, `crre_credgenerado`, `crre_credcobrado`, `crre_cobrototal`, `crre_pagoprov`, `crre_gastos`, `crre_cajainicial`, `crre_descpos`, `crre_descneg`, `crre_numcd`, `crre_user`) VALUES
(1, '2020-11-04', '17:33:52', 'C1', 1, 1, 1, 1, 2, 2, 2, 2, 2, 0, 2, 2, 2, 0, 0, '0', 1),
(2, '2020-08-11', '18:25:41', 'C1', 1, 1, 0, 0, 2880.9, 1000, 1880.9, 0, 0, 0, 500000, 0, 31800000, 0, 0, '0', 1),
(3, '2020-08-12', '14:51:02', 'C1', 0, 0, 0, 0, 0, 0, 0, 0, 0, 0, 1000000, 0, 31800000, 0, 0, '0', 1),
(4, '2020-08-12', '11:25:28', 'C1', 1, 1, 0, 0, 768240, 251979.59999999998, 516260.4, 0, 0, 0, 50000, 0, 31800000, 0, 0, '0', 1),
(5, '2020-11-08', '13:18:50', 'C1', 0, 0, 0, 0, 0, 0, 0, 0, 0, 0, 0, 0, 31800000, 0, 0, '0', 1),
(6, '2020-11-08', '13:59:09', 'C1', 2, 2, 0, 0, 1633068, 1073132.48, 559935.52, 0, 0, 3250000, 0, 0, 31800000, 0, 0, '222', 1),
(7, '2020-11-08', '15:14:45', 'C1', 2, 2, 0, 0, 1633068, 1073132.48, 559935.52, 0, 0, 3250000, 15000000, 0, 31800000, 0, 0, '0', 1),
(8, '2020-11-08', '15:57:39', 'C1', 0, 0, 0, 0, 0, 0, 0, 0, 0, 0, 5000, 0, 31800000, 0, 0, '0', 1),
(9, '2020-11-10', '22:34:10', 'C1', 1, 1, 0, 0, 945750, 750000, 195750, 0, 0, 2500000, 225000000, 0, 1535000, 0, 0, '201110CD00002', 1),
(10, '2020-11-16', '12:28:55', 'C1', 1, 1, 0, 0, 29000, 10000, 19000, 0, 0, 29000, 6000000, 0, 1535000, 0, 0, '0', 1);

-- --------------------------------------------------------

--
-- Estructura de tabla para la tabla `cierre_diario`
--

CREATE TABLE IF NOT EXISTS `cierre_diario` (
  `cd_numero` varchar(20) NOT NULL,
  `cd_fecha` date NOT NULL,
  `cd_hora` time NOT NULL,
  `cd_cantnotas` int(11) NOT NULL,
  `cd_notacred` int(11) NOT NULL,
  `cd_notacont` int(11) NOT NULL,
  `cd_notcancel` int(11) NOT NULL,
  `cd_movcompra` double NOT NULL,
  `cd_movventa` double NOT NULL,
  `cd_cobros` double NOT NULL,
  `cd_desccobro` double NOT NULL,
  `cd_saldocobro` double NOT NULL,
  `cd_ttlcobro` double NOT NULL,
  `cd_pagos` double NOT NULL,
  `cd_descpago` double NOT NULL,
  `cd_saldopago` double NOT NULL,
  `cd_ttlpago` double NOT NULL,
  `cd_ttlgralcajas` double NOT NULL,
  `cd_ganancia` double NOT NULL,
  `cd_valorstock` double NOT NULL,
  `cd_user` int(11) NOT NULL,
  `cd_id` int(11) NOT NULL,
  PRIMARY KEY (`cd_numero`)
) ENGINE=InnoDB DEFAULT CHARSET=latin1;

--
-- Volcar la base de datos para la tabla `cierre_diario`
--

INSERT INTO `cierre_diario` (`cd_numero`, `cd_fecha`, `cd_hora`, `cd_cantnotas`, `cd_notacred`, `cd_notacont`, `cd_notcancel`, `cd_movcompra`, `cd_movventa`, `cd_cobros`, `cd_desccobro`, `cd_saldocobro`, `cd_ttlcobro`, `cd_pagos`, `cd_descpago`, `cd_saldopago`, `cd_ttlpago`, `cd_ttlgralcajas`, `cd_ganancia`, `cd_valorstock`, `cd_user`, `cd_id`) VALUES
('201110CD00002', '2020-11-10', '23:20:20', 1, 0, 1, 0, 4500, 15, 2500000, 0, 0, 945750, 225000000, 0, 0, 225000000, -222500000, 195750, -6662554382.780001, 1, 2);

-- --------------------------------------------------------

--
-- Estructura de tabla para la tabla `ciudad`
--

CREATE TABLE IF NOT EXISTS `ciudad` (
  `ciu_codigo` int(4) NOT NULL AUTO_INCREMENT,
  `ciu_descripcion` text NOT NULL,
  PRIMARY KEY (`ciu_codigo`),
  UNIQUE KEY `ciu_codigo` (`ciu_codigo`)
) ENGINE=InnoDB  DEFAULT CHARSET=latin1 AUTO_INCREMENT=11 ;

--
-- Volcar la base de datos para la tabla `ciudad`
--

INSERT INTO `ciudad` (`ciu_codigo`, `ciu_descripcion`) VALUES
(1, 'CDE'),
(2, 'FRANCO'),
(3, 'SHANGAI'),
(4, 'CALIFORNIA'),
(5, 'LA HAVANA'),
(6, 'BALI'),
(7, 'FOZ'),
(8, 'BARCELONA'),
(9, 'JESRUSALEM'),
(10, 'CALIFORNIA');

-- --------------------------------------------------------

--
-- Estructura de tabla para la tabla `clientes`
--

CREATE TABLE IF NOT EXISTS `clientes` (
  `cli_codigo` int(4) NOT NULL AUTO_INCREMENT,
  `cli_nombre` varchar(60) NOT NULL,
  `cli_contacto` varchar(40) DEFAULT NULL,
  `cli_ruc` varchar(20) DEFAULT NULL,
  `cli_rucdv` varchar(2) DEFAULT NULL,
  `cli_telef1` varchar(30) DEFAULT NULL,
  `cli_telef2` varchar(30) DEFAULT NULL,
  `cli_dir1` varchar(200) DEFAULT NULL,
  `cli_dir2` varchar(200) DEFAULT NULL,
  `cli_codpais` int(4) DEFAULT NULL,
  `cli_codciudad` int(4) DEFAULT NULL,
  `cli_correo1` varchar(60) DEFAULT NULL,
  `cli_tipocliente` int(1) DEFAULT NULL,
  `cli_tipoprecio` int(1) DEFAULT NULL,
  `cli_descuento` int(3) DEFAULT NULL,
  `cli_clasificacion` int(1) DEFAULT NULL,
  `cli_estado` int(1) NOT NULL DEFAULT '0',
  `cli_ci` varchar(60) NOT NULL,
  PRIMARY KEY (`cli_codigo`),
  UNIQUE KEY `cli_codigo` (`cli_codigo`),
  UNIQUE KEY `cli_codigo_2` (`cli_codigo`),
  KEY `cli_codciudad` (`cli_codciudad`),
  KEY `cli_codpais` (`cli_codpais`)
) ENGINE=InnoDB  DEFAULT CHARSET=latin1 AUTO_INCREMENT=19 ;

--
-- Volcar la base de datos para la tabla `clientes`
--

INSERT INTO `clientes` (`cli_codigo`, `cli_nombre`, `cli_contacto`, `cli_ruc`, `cli_rucdv`, `cli_telef1`, `cli_telef2`, `cli_dir1`, `cli_dir2`, `cli_codpais`, `cli_codciudad`, `cli_correo1`, `cli_tipocliente`, `cli_tipoprecio`, `cli_descuento`, `cli_clasificacion`, `cli_estado`, `cli_ci`) VALUES
(13, 'LORENZO', '5646', '5465', '5', '654', 'Sin Datos', '654', 'SIN DATOS', 3, 1, '2132', 0, 0, 10, 0, 1, ''),
(14, 'LLO', '321', '800', '5', '21', 'Sin Datos3', '123', 'SIN DATOS', 1, 1, 's', 0, 0, 1, 0, 0, '21'),
(16, 'AMANDAU', '0983484686', '800506625', '2', '5454645', 'Sin Datos', '', 'SIN DATOS', 1, 1, '', 1, 2, 0, 1, 0, ''),
(17, 'TEKACHI', '', '5472669', '6', '0983916852', '', '', '', 1, 1, '', 0, 2, 0, 2, 0, ''),
(18, 'ALEX', '4544', '4726698', '8', '', '', '', '', 1, 1, '', 1, 2, 1, 0, 0, '');

-- --------------------------------------------------------

--
-- Estructura de tabla para la tabla `compras`
--

CREATE TABLE IF NOT EXISTS `compras` (
  `com_numero` varchar(20) COLLATE utf8_spanish_ci NOT NULL,
  `com_comprobante` varchar(20) COLLATE utf8_spanish_ci NOT NULL,
  `com_proveedor` int(4) NOT NULL,
  `com_fecha` date NOT NULL,
  `com_hora` time NOT NULL,
  `com_modfecha` date NOT NULL,
  `com_personal` int(4) NOT NULL,
  `com_plazocredito` int(3) NOT NULL,
  `com_fechavence` date NOT NULL,
  `com_tipocompra` int(1) NOT NULL,
  `com_total` double NOT NULL DEFAULT '0',
  `com_totalpzs` double NOT NULL DEFAULT '0',
  `com_totalcjs` double NOT NULL DEFAULT '0',
  `com_totalqty` double NOT NULL DEFAULT '0',
  `com_pagado` int(1) NOT NULL DEFAULT '0',
  `com_anulado` int(1) NOT NULL DEFAULT '0',
  `com_saldo` double NOT NULL DEFAULT '0',
  `com_ultpago` double NOT NULL DEFAULT '0',
  `com_totalpago` double NOT NULL DEFAULT '0',
  `com_fechapago` date NOT NULL,
  `com_usuario` int(4) NOT NULL,
  `com_usuariomod` int(4) NOT NULL,
  `com_deposito` int(3) NOT NULL,
  `com_cantitems` int(4) NOT NULL,
  `com_mac` varchar(100) COLLATE utf8_spanish_ci NOT NULL,
  `com_id` int(11) NOT NULL,
  `com_ttl_s_dscto` double NOT NULL,
  `com_descuento` double NOT NULL,
  PRIMARY KEY (`com_numero`),
  KEY `com_proveedor` (`com_proveedor`),
  KEY `com_personal` (`com_personal`),
  KEY `com_usuario` (`com_usuario`),
  KEY `com_usuariomod` (`com_usuariomod`)
) ENGINE=InnoDB DEFAULT CHARSET=utf8 COLLATE=utf8_spanish_ci;

--
-- Volcar la base de datos para la tabla `compras`
--

INSERT INTO `compras` (`com_numero`, `com_comprobante`, `com_proveedor`, `com_fecha`, `com_hora`, `com_modfecha`, `com_personal`, `com_plazocredito`, `com_fechavence`, `com_tipocompra`, `com_total`, `com_totalpzs`, `com_totalcjs`, `com_totalqty`, `com_pagado`, `com_anulado`, `com_saldo`, `com_ultpago`, `com_totalpago`, `com_fechapago`, `com_usuario`, `com_usuariomod`, `com_deposito`, `com_cantitems`, `com_mac`, `com_id`, `com_ttl_s_dscto`, `com_descuento`) VALUES
('190627000014545', '055', 6, '2019-06-22', '17:25:20', '0000-00-02', 2, 1, '2019-06-25', 1, 1, 1, 1, 1, 1, 3, 1, 1, 1, '0000-00-01', 1, 1, 1, 1, '1', 1, 0, 0),
('19062700002', '0', 1, '2019-06-27', '00:00:00', '0000-00-00', 1, 0, '2019-06-27', 0, 0, 0, 0, 0, 0, 0, 0, 0, 0, '0000-00-00', 2, 2, 0, 0, '0', 2, 0, 0),
('19062700003', '0', 1, '2019-06-27', '00:00:00', '0000-00-00', 1, 0, '2019-06-27', 0, 0, 0, 0, 0, 0, 0, 0, 0, 0, '0000-00-00', 2, 2, 0, 0, '0', 3, 0, 0),
('19062800004', '0', 1, '2019-06-28', '00:00:00', '0000-00-00', 1, 0, '2019-06-28', 0, 0, 0, 0, 0, 0, 0, 0, 0, 0, '0000-00-00', 2, 2, 0, 0, '0', 4, 0, 0),
('19062800005', '0', 1, '2019-06-28', '00:00:00', '0000-00-00', 1, 0, '2019-06-28', 0, 0, 0, 0, 0, 0, 0, 0, 0, 0, '0000-00-00', 2, 2, 0, 0, '0', 5, 0, 0),
('19062800006', '0', 1, '2019-06-28', '00:00:00', '0000-00-00', 1, 0, '2019-06-28', 0, 0, 0, 0, 0, 0, 0, 0, 0, 0, '0000-00-00', 2, 2, 0, 0, '0', 6, 0, 0),
('19062800007', '0', 1, '2019-06-28', '00:00:00', '0000-00-00', 1, 0, '2019-06-28', 0, 0, 0, 0, 0, 0, 0, 0, 0, 0, '0000-00-00', 2, 2, 0, 0, '0', 7, 0, 0),
('19062800008', '0', 1, '2019-06-28', '00:00:00', '0000-00-00', 1, 0, '2019-06-28', 0, 0, 0, 0, 0, 0, 0, 0, 0, 0, '0000-00-00', 2, 2, 0, 0, '0', 8, 0, 0),
('19062800009', '0', 1, '2019-06-28', '00:00:00', '0000-00-00', 1, 0, '2019-06-28', 0, 0, 0, 0, 0, 0, 0, 0, 0, 0, '0000-00-00', 2, 2, 0, 0, '0', 9, 0, 0),
('19062800010', '0', 1, '2019-06-28', '00:00:00', '0000-00-00', 1, 0, '2019-06-28', 0, 0, 0, 0, 0, 0, 0, 0, 0, 0, '0000-00-00', 2, 2, 0, 0, '0', 10, 0, 0),
('19062800011', '0', 1, '2019-06-28', '00:00:00', '0000-00-00', 1, 0, '2019-06-28', 0, 0, 0, 0, 0, 0, 0, 0, 0, 0, '0000-00-00', 2, 2, 0, 0, '0', 11, 0, 0),
('19062800012', '0', 1, '2019-06-28', '00:00:00', '0000-00-00', 1, 0, '2019-06-28', 0, 0, 0, 0, 0, 0, 0, 0, 0, 0, '0000-00-00', 2, 2, 0, 0, '0', 12, 0, 0),
('19062800013', '0', 1, '2019-06-28', '00:00:00', '0000-00-00', 1, 0, '2019-06-28', 0, 0, 0, 0, 0, 0, 0, 0, 0, 0, '0000-00-00', 2, 2, 0, 0, '0', 13, 0, 0),
('19062800014', '0', 1, '2019-06-28', '00:00:00', '0000-00-00', 1, 0, '2019-06-28', 0, 0, 0, 0, 0, 0, 0, 0, 0, 0, '0000-00-00', 2, 2, 0, 0, '0', 14, 0, 0),
('19062800015', '0', 1, '2019-06-28', '00:00:00', '0000-00-00', 1, 0, '2019-06-28', 0, 0, 0, 0, 0, 0, 0, 0, 0, 0, '0000-00-00', 2, 2, 0, 0, '0', 15, 0, 0),
('19062800016', '0', 1, '2019-06-28', '00:00:00', '0000-00-00', 1, 0, '2019-06-28', 0, 0, 0, 0, 0, 0, 0, 0, 0, 0, '0000-00-00', 2, 2, 0, 0, '0', 16, 0, 0),
('19062800017', '0', 1, '2019-06-28', '00:00:00', '0000-00-00', 1, 0, '2019-06-28', 0, 0, 0, 0, 0, 0, 0, 0, 0, 0, '0000-00-00', 2, 2, 0, 0, '0', 17, 0, 0),
('19063000018', '0', 1, '2019-06-30', '00:00:00', '0000-00-00', 1, 0, '2019-06-30', 0, 0, 0, 0, 0, 0, 0, 0, 0, 0, '0000-00-00', 2, 2, 0, 0, '0', 18, 0, 0),
('19063000019', '0', 1, '2019-06-30', '00:00:00', '0000-00-00', 1, 0, '2019-06-30', 0, 0, 0, 0, 0, 0, 0, 0, 0, 0, '0000-00-00', 2, 2, 0, 0, '0', 19, 0, 0),
('19063000020', '0', 1, '2019-06-30', '00:00:00', '0000-00-00', 1, 0, '2019-06-30', 0, 0, 0, 0, 0, 0, 0, 0, 0, 0, '0000-00-00', 2, 2, 0, 0, '0', 20, 0, 0),
('19063000021', '0', 1, '2019-06-30', '00:00:00', '0000-00-00', 1, 0, '2019-06-30', 0, 0, 0, 0, 0, 0, 0, 0, 0, 0, '0000-00-00', 2, 2, 0, 0, '0', 21, 0, 0),
('19070100022', '0', 1, '2019-07-01', '00:00:00', '0000-00-00', 1, 0, '2019-07-01', 0, 0, 0, 0, 0, 0, 0, 0, 0, 0, '0000-00-00', 2, 2, 0, 0, '0', 22, 0, 0),
('19070100023', '0', 1, '2019-07-01', '00:00:00', '0000-00-00', 1, 0, '2019-07-01', 0, 0, 0, 0, 0, 0, 0, 0, 0, 0, '0000-00-00', 2, 2, 0, 0, '0', 23, 0, 0),
('19070100024', '0', 1, '2019-07-01', '00:00:00', '0000-00-00', 1, 0, '2019-07-01', 0, 0, 0, 0, 0, 0, 0, 0, 0, 0, '0000-00-00', 2, 2, 0, 0, '0', 24, 0, 0),
('19070100025', '0', 1, '2019-07-01', '00:00:00', '0000-00-00', 1, 0, '2019-07-01', 0, 0, 0, 0, 0, 0, 0, 0, 0, 0, '0000-00-00', 2, 2, 0, 0, '0', 25, 0, 0),
('19070100026', '0', 1, '2019-07-01', '00:00:00', '0000-00-00', 1, 0, '2019-07-01', 0, 0, 0, 0, 0, 0, 0, 0, 0, 0, '0000-00-00', 2, 2, 0, 0, '0', 26, 0, 0),
('19070100027', '5577439', 1, '2019-07-01', '00:00:00', '2019-07-01', 1, 0, '2019-07-01', 0, 6000010, 5, 10, 155, 0, 0, 6000010, 0, 0, '0000-00-00', 2, 2, 1, 2, '0A-00-27-00-00-11', 27, 0, 0),
('19070100028', '777', 1, '2019-07-01', '00:00:00', '2019-07-01', 2, 6, '2019-07-07', 1, 126220, 0, 72, 130, 0, 0, 126220, 0, 0, '0000-00-00', 2, 2, 1, 3, '0A-00-27-00-00-11', 28, 0, 0),
('19070300029', '0', 1, '2019-07-03', '00:00:00', '0000-00-00', 1, 0, '2019-07-03', 0, 0, 0, 0, 0, 0, 0, 0, 0, 0, '0000-00-00', 2, 2, 0, 0, '0', 29, 0, 0),
('19070300030', '0', 1, '2019-07-03', '00:00:00', '0000-00-00', 1, 0, '2019-07-03', 0, 0, 0, 0, 0, 0, 0, 0, 0, 0, '0000-00-00', 2, 2, 0, 0, '0', 30, 0, 0),
('19070300031', '0', 1, '2019-07-03', '00:00:00', '0000-00-00', 1, 0, '2019-07-03', 0, 0, 0, 0, 0, 0, 0, 0, 0, 0, '0000-00-00', 2, 2, 0, 0, '0', 31, 0, 0),
('19070300032', '0', 1, '2019-07-03', '00:00:00', '0000-00-00', 1, 0, '2019-07-03', 0, 0, 0, 0, 0, 0, 0, 0, 0, 0, '0000-00-00', 2, 2, 0, 0, '0', 32, 0, 0),
('19070300033', '0', 1, '2019-07-03', '00:00:00', '0000-00-00', 1, 0, '2019-07-03', 0, 0, 0, 0, 0, 0, 0, 0, 0, 0, '0000-00-00', 2, 2, 0, 0, '0', 33, 0, 0),
('19070300034', '456843', 3, '2019-07-03', '00:00:00', '2019-07-03', 1, 0, '2019-07-03', 0, 22720, 6, 1, 16, 0, 0, 22720, 0, 0, '0000-00-00', 2, 2, 2, 2, '0A-00-27-00-00-11', 34, 0, 0),
('19070300035', '456', 1, '2019-07-03', '00:00:00', '2019-07-03', 1, 0, '2019-07-03', 0, 450, 0, 3, 30, 0, 0, 450, 0, 0, '0000-00-00', 2, 2, 1, 1, '0A-00-27-00-00-11', 35, 450, 0),
('19070300036', '0', 4, '2019-07-03', '00:00:00', '2019-07-03', 1, 5, '2019-07-08', 1, 105, 0, 1, 10, 0, 0, 105, 0, 0, '0000-00-00', 2, 2, 2, 1, '0A-00-27-00-00-11', 36, 150, 45),
('19070300037', '0', 1, '2019-07-03', '00:00:00', '2019-07-03', 1, 0, '2019-07-03', 0, 2340, 117, 0, 117, 0, 0, 2340, 0, 0, '0000-00-00', 2, 2, 5, 1, '0A-00-27-00-00-11', 37, 2340, 0),
('19070300038', '0', 1, '2019-07-03', '00:00:00', '0000-00-00', 1, 0, '2019-07-03', 0, 0, 0, 0, 0, 0, 0, 0, 0, 0, '0000-00-00', 2, 2, 0, 0, '0', 38, 0, 0),
('19070400039', '0', 1, '2019-07-04', '00:00:00', '0000-00-00', 1, 0, '2019-07-04', 0, 0, 0, 0, 0, 0, 0, 0, 0, 0, '0000-00-00', 2, 2, 0, 0, '0', 39, 0, 0),
('19070400040', '0', 1, '2019-07-04', '00:00:00', '0000-00-00', 1, 0, '2019-07-04', 0, 0, 0, 0, 0, 0, 0, 0, 0, 0, '0000-00-00', 2, 2, 0, 0, '0', 40, 0, 0),
('19070400041', '0', 1, '2019-07-04', '00:00:00', '0000-00-00', 1, 0, '2019-07-04', 0, 0, 0, 0, 0, 0, 0, 0, 0, 0, '0000-00-00', 2, 2, 0, 0, '0', 41, 0, 0),
('19070400042', '0', 1, '2019-07-04', '00:00:00', '2019-07-04', 1, 0, '2019-07-04', 0, 25035000.5, 7, 500, 50070, 0, 0, 25035000, 0, 0, '0000-00-00', 2, 2, 1, 1, '0A-00-27-00-00-11', 42, 25035000, 0),
('19070400043', '5', 1, '2019-07-04', '00:00:00', '2019-07-04', 1, 0, '2019-07-04', 0, 10000000, 0, 200, 2000, 0, 0, 10000000, 0, 0, '0000-00-00', 2, 2, 1, 1, '0A-00-27-00-00-11', 43, 10000000, 0),
('19070700044', '55223', 1, '2019-07-07', '00:00:00', '2019-07-07', 1, 0, '2019-07-07', 0, 202, 0, 2, 11, 0, 0, 202, 0, 0, '2019-07-07', 2, 2, 1, 2, '0A-00-27-00-00-11', 44, 202, 0),
('19070800045', '', 1, '2019-07-08', '00:00:00', '2019-07-08', 1, 0, '2019-07-08', 0, 2, 1, 0, 1, 0, 0, 2, 0, 0, '2019-07-08', 2, 2, 1, 1, '0A-00-27-00-00-11', 45, 2, 0),
('19070800046', '', 1, '2019-07-08', '00:00:00', '2019-07-08', 1, 0, '2019-07-08', 0, 50000, 0, 1, 10, 0, 0, 50000, 0, 0, '2019-07-08', 2, 2, 1, 1, '0A-00-27-00-00-11', 46, 50000, 0),
('19070800047', '0', 1, '2019-07-08', '00:00:00', '2019-07-08', 1, 0, '2019-07-08', 0, 0, 0, 0, 0, 0, 0, 0, 0, 0, '2019-07-08', 2, 2, 0, 0, '0', 47, 0, 0),
('19070800048', '0', 1, '2019-07-08', '00:00:00', '2019-07-08', 1, 0, '2019-07-08', 0, 0, 0, 0, 0, 0, 0, 0, 0, 0, '2019-07-08', 2, 2, 0, 0, '0', 48, 0, 0),
('19070800049', '0', 1, '2019-07-08', '00:00:00', '2019-07-08', 1, 0, '2019-07-08', 0, 0, 0, 0, 0, 0, 0, 0, 0, 0, '2019-07-08', 2, 2, 0, 0, '0', 49, 0, 0),
('19070800050', '0', 1, '2019-07-08', '00:00:00', '2019-07-08', 1, 0, '2019-07-08', 0, 0, 0, 0, 0, 0, 0, 0, 0, 0, '2019-07-08', 2, 2, 0, 0, '0', 50, 0, 0),
('19070800051', '0', 1, '2019-07-08', '00:00:00', '2019-07-08', 1, 0, '2019-07-08', 0, 0, 0, 0, 0, 0, 0, 0, 0, 0, '2019-07-08', 2, 2, 0, 0, '0', 51, 0, 0),
('19070800052', '0', 1, '2019-07-08', '00:00:00', '2019-07-08', 1, 0, '2019-07-08', 0, 0, 0, 0, 0, 0, 0, 0, 0, 0, '2019-07-08', 2, 2, 0, 0, '0', 52, 0, 0),
('19070800053', '', 1, '2019-07-08', '00:00:00', '2019-07-08', 1, 0, '2019-07-08', 0, 26720, 5, 4, 49, 0, 0, 26720, 0, 0, '2019-07-08', 2, 2, 1, 3, '0A-00-27-00-00-11', 53, 26720, 0),
('19070800054', '', 1, '2019-07-08', '00:00:00', '2019-07-08', 1, 0, '2019-07-08', 0, 3006600, 0, 15, 195, 0, 0, 3006600, 0, 0, '2019-07-08', 2, 2, 1, 3, '0A-00-27-00-00-11', 54, 3006600, 0),
('19070800055', '', 1, '2019-07-08', '00:00:00', '2019-07-08', 1, 0, '2019-07-08', 0, 400, 5, 0, 5, 0, 0, 400, 0, 0, '2019-07-08', 2, 2, 1, 1, '0A-00-27-00-00-11', 55, 400, 0),
('19070800056', '', 1, '2019-07-08', '00:00:00', '2019-07-08', 1, 0, '2019-07-08', 0, 5600, 0, 5, 70, 0, 0, 5600, 0, 0, '2019-07-08', 2, 2, 1, 1, '0A-00-27-00-00-11', 56, 5600, 0),
('19070800057', '', 1, '2019-07-08', '00:00:00', '2019-07-08', 1, 0, '2019-07-08', 0, 5600, 0, 5, 70, 0, 0, 5600, 0, 0, '2019-07-08', 2, 2, 1, 1, '0A-00-27-00-00-11', 57, 5600, 0),
('19070800058', '', 1, '2019-07-08', '00:00:00', '2019-07-08', 1, 0, '2019-07-08', 0, 400, 5, 0, 5, 0, 0, 400, 0, 0, '2019-07-08', 2, 2, 1, 1, '0A-00-27-00-00-11', 58, 400, 0),
('19070800059', '', 1, '2019-07-08', '00:00:00', '2019-07-08', 1, 0, '2019-07-08', 0, 5600, 0, 5, 70, 0, 0, 5600, 0, 0, '2019-07-08', 2, 2, 1, 1, '0A-00-27-00-00-11', 59, 5600, 0),
('19070800060', '', 1, '2019-07-08', '00:00:00', '2019-07-08', 1, 0, '2019-07-08', 0, 5600, 0, 5, 70, 0, 0, 5600, 0, 0, '2019-07-08', 2, 2, 1, 1, '0A-00-27-00-00-11', 60, 5600, 0),
('19070800061', '', 1, '2019-07-08', '00:00:00', '2019-07-08', 1, 0, '2019-07-08', 0, 400, 5, 0, 5, 0, 0, 400, 0, 0, '2019-07-08', 2, 2, 1, 1, '0A-00-27-00-00-11', 61, 400, 0),
('19070800062', '', 1, '2019-07-08', '00:00:00', '2019-07-08', 1, 0, '2019-07-08', 0, 400, 5, 0, 5, 0, 0, 400, 0, 0, '2019-07-08', 2, 2, 1, 1, '0A-00-27-00-00-11', 62, 400, 0),
('19070800063', '', 1, '2019-07-08', '00:00:00', '2019-07-08', 1, 0, '2019-07-08', 0, 400, 5, 0, 5, 0, 0, 400, 0, 0, '2019-07-08', 2, 2, 1, 1, '0A-00-27-00-00-11', 63, 400, 0),
('19070900064', '', 1, '2019-07-09', '00:00:00', '2019-07-09', 1, 0, '2019-07-09', 0, 25010, 5, 5, 10, 0, 0, 25010, 0, 0, '2019-07-09', 2, 2, 1, 2, '0A-00-27-00-00-11', 64, 25010, 0),
('19070900065', '', 1, '2019-07-09', '00:00:00', '2019-07-09', 1, 0, '2019-07-09', 0, 5600, 0, 5, 70, 0, 0, 5600, 0, 0, '2019-07-09', 2, 2, 1, 1, '0A-00-27-00-00-11', 65, 5600, 0),
('19070900066', '', 1, '2019-07-09', '00:00:00', '2019-07-09', 1, 0, '2019-07-09', 0, 480, 6, 0, 6, 0, 0, 480, 0, 0, '2019-07-09', 2, 2, 1, 1, '0A-00-27-00-00-11', 66, 480, 0),
('19070900067', '0', 1, '2019-07-09', '00:00:00', '2019-07-09', 1, 0, '2019-07-09', 0, 0, 0, 0, 0, 0, 0, 0, 0, 0, '2019-07-09', 2, 2, 0, 0, '0', 67, 0, 0),
('19072200068', '669', 1, '2019-07-22', '00:00:00', '2019-07-22', 2, 30, '2019-08-21', 1, 30250000, 6, 5, 56, 0, 0, 30250000, 0, 0, '2019-07-22', 2, 2, 1, 2, '0A-00-27-00-00-11', 68, 30250000, 0),
('19072200069', '0', 1, '2019-07-22', '00:00:00', '2019-07-22', 1, 0, '2019-07-22', 0, 25000000, 0, 5, 5, 0, 0, 25000000, 0, 0, '2019-07-22', 2, 2, 4, 1, '0A-00-27-00-00-11', 69, 25000000, 0),
('19072200070', '0', 1, '2019-07-22', '00:00:00', '2019-07-22', 1, 0, '2019-07-22', 0, 0, 0, 0, 0, 0, 0, 0, 0, 0, '2019-07-22', 2, 2, 0, 0, '0', 70, 0, 0),
('19080700071', '0', 1, '2019-08-07', '00:00:00', '2019-08-07', 1, 0, '2019-08-07', 0, 0, 0, 0, 0, 0, 0, 0, 0, 0, '2019-08-07', 2, 2, 0, 0, '0', 71, 0, 0),
('19082100072', '0', 3, '2019-08-21', '00:00:00', '2019-08-21', 1, 0, '2019-08-21', 0, 20000140, 11, 0, 11, 0, 0, 20000140, 0, 0, '2019-08-21', 2, 2, 5, 2, '0A-00-27-00-00-11', 72, 20000140, 0),
('19100700073', '', 1, '2019-10-07', '00:00:00', '2019-10-07', 2, 0, '2019-10-07', 0, 60000, 2, 1, 12, 0, 1, 60000, 0, 0, '2019-10-07', 2, 2, 1, 1, '0A-00-27-00-00-11', 73, 60000, 0),
('19100800074', '0', 3, '2019-10-08', '00:00:00', '2019-10-08', 1, 50, '2019-11-27', 1, 259140000, 0, 177, 1154, 0, 0, 259140000, 0, 0, '2019-10-08', 2, 2, 5, 4, '0A-00-27-00-00-11', 74, 370200000, 111060000),
('19100800075', '', 1, '2019-10-08', '00:00:00', '2019-10-08', 1, 0, '2019-10-08', 0, 11700000, 1, 22, 41, 0, 1, 11700000, 0, 0, '2019-10-08', 2, 2, 1, 2, '0A-00-27-00-00-11', 75, 11700000, 0),
('19100800076', '0', 1, '2019-10-08', '00:00:00', '2019-10-08', 1, 0, '2019-10-08', 0, 0, 0, 0, 0, 0, 0, 0, 0, 0, '2019-10-08', 2, 2, 0, 0, '0', 76, 0, 0),
('19100800077', '', 1, '2019-10-08', '00:00:00', '2019-10-08', 1, 0, '2019-10-08', 0, 20500800, 24, 0, 24, 0, 0, 20500800, 0, 0, '2019-10-08', 2, 2, 1, 3, '0A-00-27-00-00-11', 77, 20500800, 0),
('19100800078', '', 1, '2019-10-08', '00:00:00', '2019-10-08', 1, 0, '2019-10-08', 0, 101000000, 101, 0, 101, 0, 1, 101000000, 0, 0, '2019-10-08', 2, 2, 1, 1, '0A-00-27-00-00-11', 78, 101000000, 0),
('19101700079', '000', 1, '2019-10-17', '00:00:00', '2019-10-17', 1, 0, '2019-10-16', 0, 10000000, 100, 0, 100, 0, 0, 10000000, 0, 0, '2019-10-17', 2, 2, 1, 1, '0A-00-27-00-00-11', 79, 10000000, 0),
('19101700080', '111', 1, '2019-10-17', '00:00:00', '2019-10-17', 1, 0, '2019-10-17', 0, 1000, 0, 1, 100, 0, 0, 1000, 0, 0, '2019-10-17', 2, 2, 1, 1, '0A-00-27-00-00-11', 80, 1000, 0),
('19101700081', '002', 1, '2019-10-17', '00:00:00', '2019-10-17', 1, 0, '2019-10-17', 0, 2000, 0, 1, 100, 0, 1, 2000, 0, 0, '2019-10-17', 2, 2, 1, 1, '0A-00-27-00-00-11', 81, 2000, 0),
('19101700082', '003', 1, '2019-10-17', '00:00:00', '2019-10-17', 1, 0, '2019-10-16', 0, 1120, 0, 1, 14, 0, 1, 1120, 0, 0, '2019-10-17', 2, 2, 1, 1, '0A-00-27-00-00-11', 82, 1120, 0),
('19110500083', '0', 1, '2019-11-05', '00:00:00', '2019-11-05', 1, 0, '2019-11-05', 0, 0, 0, 0, 0, 0, 0, 0, 0, 0, '2019-11-05', 2, 2, 0, 0, '0', 83, 0, 0),
('19110500084', '', 1, '2019-11-05', '00:00:00', '2019-11-05', 1, 0, '2019-11-04', 0, 255000, 5, 5, 505, 0, 1, 255000, 0, 0, '2019-11-05', 2, 2, 1, 2, '0A-00-27-00-00-11', 84, 255000, 0),
('19111300085', '0.5', 1, '2019-11-13', '00:00:00', '2019-11-13', 1, 0, '2019-11-12', 0, 23000400, 5, 25, 75, 0, 0, 23000400, 0, 0, '2019-11-13', 2, 2, 1, 3, '0A-00-27-00-00-11', 85, 23000400, 0),
('19111800086', 'COC777', 5, '2019-11-18', '00:00:00', '2019-11-18', 3, 80, '2020-02-05', 1, 2000520, 35, 50, 535, 0, 0, 2000520, 0, 0, '2019-11-18', 2, 2, 1, 4, '0A-00-27-00-00-11', 86, 4001040, 2000520),
('19111800087', 'ROPERO RETYM', 7, '2019-11-18', '00:00:00', '2019-11-18', 1, 12, '2019-11-30', 1, 2400185, 25, 0, 25, 0, 0, 2400185, 0, 0, '2019-11-18', 2, 2, 4, 5, '0A-00-27-00-00-11', 87, 4800370, 2400185),
('19111800088', '0', 1, '2019-11-18', '00:00:00', '2019-11-18', 1, 0, '2019-11-18', 0, 0, 0, 0, 0, 0, 0, 0, 0, 0, '2019-11-18', 2, 2, 0, 0, '0', 88, 0, 0),
('19111800089', '0', 1, '2019-11-18', '00:00:00', '2019-11-18', 1, 0, '2019-11-18', 0, 0, 0, 0, 0, 0, 0, 0, 0, 0, '2019-11-18', 2, 2, 0, 0, '0', 89, 0, 0),
('19111900090', 'XX', 1, '2019-11-19', '00:00:00', '2019-11-19', 1, 0, '2019-11-18', 0, 10, 1, 0, 1, 0, 0, 10, 0, 0, '2019-11-19', 2, 2, 1, 1, '0A-00-27-00-00-11', 90, 10, 0),
('19111900091', 'X', 1, '2019-11-19', '00:00:00', '2019-11-19', 1, 0, '2019-11-18', 0, 30, 3, 0, 3, 0, 0, 30, 0, 0, '2019-11-19', 2, 2, 1, 1, '0A-00-27-00-00-11', 91, 30, 0),
('19112700092', '0', 1, '2019-11-27', '00:00:00', '2019-11-27', 1, 0, '2019-11-27', 0, 0, 0, 0, 0, 0, 0, 0, 0, 0, '2019-11-27', 2, 2, 0, 0, '0', 92, 0, 0),
('19121100093', '0', 1, '2019-12-11', '00:00:00', '2019-12-11', 1, 0, '2019-12-11', 0, 0, 0, 0, 0, 0, 0, 0, 0, 0, '2019-12-11', 2, 2, 0, 0, '0', 93, 0, 0),
('19123100094', '777', 3, '2019-12-31', '00:00:00', '2019-12-31', 3, 0, '2019-12-30', 0, 5000000, 0, 100, 100, 0, 1, 5000000, 0, 0, '2019-12-31', 2, 2, 1, 1, '0A-00-27-00-00-11', 94, 5000000, 0),
('19123100095', '', 1, '2019-12-31', '00:00:00', '2019-12-31', 1, 0, '2019-12-31', 0, 60, 6, 0, 6, 0, 0, 60, 0, 0, '2019-12-31', 2, 2, 1, 1, '0A-00-27-00-00-11', 95, 60, 0),
('20010200096', '8', 1, '2020-01-02', '00:00:00', '2020-01-02', 1, 0, '2020-01-01', 0, 10000000, 0, 200, 200, 0, 0, 10000000, 0, 0, '2020-01-02', 2, 2, 1, 1, '0A-00-27-00-00-11', 96, 10000000, 0),
('20010300097', '0', 1, '2020-01-03', '00:00:00', '2020-01-03', 1, 0, '2020-01-03', 0, 0, 0, 0, 0, 0, 1, 0, 0, 0, '2020-01-03', 2, 2, 0, 0, '0', 97, 0, 0),
('20021900098', '0', 1, '2020-02-19', '00:00:00', '2020-02-19', 1, 0, '2020-02-19', 0, 0, 0, 0, 0, 0, 0, 0, 0, 0, '2020-02-19', 2, 2, 0, 0, '0', 98, 0, 0),
('20021900099', '0', 1, '2020-02-19', '00:00:00', '2020-02-19', 1, 0, '2020-02-19', 0, 0, 0, 0, 0, 0, 0, 0, 0, 0, '2020-02-19', 2, 2, 0, 0, '0', 99, 0, 0),
('20022000100', '0', 1, '2020-02-20', '00:00:00', '2020-02-20', 1, 0, '2020-02-20', 0, 0, 0, 0, 0, 0, 0, 0, 0, 0, '2020-02-20', 2, 2, 0, 0, '0', 100, 0, 0),
('20022000101', '0', 1, '2020-02-20', '00:00:00', '2020-02-20', 1, 0, '2020-02-20', 0, 0, 0, 0, 0, 0, 0, 0, 0, 0, '2020-02-20', 2, 2, 0, 0, '0', 101, 0, 0),
('20022000102', '0', 1, '2020-02-20', '00:00:00', '2020-02-20', 1, 0, '2020-02-20', 0, 0, 0, 0, 0, 0, 0, 0, 0, 0, '2020-02-20', 2, 2, 0, 0, '0', 102, 0, 0),
('20022000103', '0', 1, '2020-02-20', '00:00:00', '2020-02-20', 1, 0, '2020-02-20', 0, 0, 0, 0, 0, 0, 0, 0, 0, 0, '2020-02-20', 2, 2, 0, 0, '0', 103, 0, 0),
('20022000104', '0', 7, '2020-02-20', '00:00:00', '2020-02-20', 1, 0, '2020-05-31', 0, 250000, 0, 5, 50, 0, 0, 250000, 0, 0, '2020-02-20', 2, 2, 5, 1, '0A-00-27-00-00-11', 104, 250000, 0),
('20022000105', '0', 1, '2020-02-20', '00:00:00', '2020-02-20', 1, 0, '2020-05-29', 0, 0, 0, 0, 0, 0, 0, 0, 0, 0, '2020-02-20', 2, 2, 0, 0, '0', 105, 0, 0),
('20022000106', '', 4, '2020-02-20', '00:00:00', '2020-02-20', 1, 0, '2020-05-25', 0, 50000, 0, 1, 10, 0, 0, 50000, 0, 0, '2020-02-20', 2, 2, 1, 1, '0A-00-27-00-00-11', 106, 50000, 0),
('20062500107', '51515', 7, '2020-06-25', '17:08:43', '2020-06-25', 2, 0, '2020-06-25', 0, 750000000, 0, 1000, 15000, 1, 0, 0, 750000000, 750000000, '2020-06-29', 2, 2, 1, 1, '0A-00-27-00-00-11', 107, 750000000, 0),
('200628C00108', 'SS', 3, '2020-06-28', '19:23:59', '2020-06-28', 1, 0, '2020-06-28', 0, 15000000, 0, 300, 3000, 1, 0, 0, 15000000, 15000000, '2020-06-29', 2, 2, 1, 1, '0A-00-27-00-00-11', 108, 15000000, 0),
('200629C00109', '523351', 4, '2020-06-29', '22:24:10', '2020-06-29', 1, 0, '2020-06-29', 0, 5000, 0, 5, 500, 1, 0, 0, 5000, 5000, '2020-06-29', 2, 2, 1, 1, '0A-00-27-00-00-11', 109, 5000, 0),
('200629C00110', '35222', 7, '2020-06-29', '22:54:35', '2020-06-29', 1, 0, '2020-06-29', 0, 2800000, 0, 56, 560, 1, 0, 0, 2800000, 2800000, '2020-06-29', 2, 2, 1, 1, '0A-00-27-00-00-11', 110, 2800000, 0),
('200630C00111', 'JNSDJDASNJAS', 3, '2020-06-30', '13:43:48', '2020-06-30', 2, 0, '2020-06-30', 0, 120000000, 0, 200, 2000, 0, 0, 118440000, 1360000, 1360000, '2020-06-30', 2, 2, 1, 1, '0A-00-27-00-00-11', 111, 120000000, 0),
('200630C00112', '56S1D6', 3, '2020-06-30', '13:55:57', '2020-06-30', 1, 0, '2020-06-30', 0, 50000000, 0, 50, 50, 1, 0, 0, 50000000, 50000000, '2020-06-30', 2, 2, 1, 1, '0A-00-27-00-00-11', 112, 50000000, 0),
('200630C00113', '1111', 3, '2020-06-30', '14:05:40', '2020-06-30', 1, 0, '2020-06-30', 0, 1000000, 1, 0, 1, 1, 0, 0, 320000, 320000, '2020-06-30', 2, 2, 1, 1, '0A-00-27-00-00-11', 113, 1000000, 0),
('200630C00114', '2000', 1, '2020-06-30', '14:52:03', '2020-06-30', 1, 0, '2020-06-30', 0, 5000, 0, 5, 500, 0, 0, 5000, 4000, 4000, '2020-06-30', 2, 2, 1, 1, '0A-00-27-00-00-11', 114, 5000, 0),
('200630C00115', '1515', 1, '2020-06-30', '16:14:51', '2020-06-30', 1, 0, '2020-06-30', 0, 1000, 100, 0, 100, 0, 0, 500, 500, 500, '2020-06-30', 2, 2, 1, 1, '0A-00-27-00-00-11', 115, 1000, 0),
('200630C00116', '0014', 1, '2020-06-30', '16:21:54', '2020-06-30', 1, 0, '2020-06-30', 0, 1000, 100, 0, 100, 0, 0, 500, 500, 1000, '2020-06-30', 2, 2, 1, 1, '0A-00-27-00-00-11', 116, 1000, 0),
('200630C00117', '--{', 3, '2020-06-30', '16:32:55', '2020-06-30', 2, 0, '2020-06-30', 0, 1000, 100, 0, 100, 1, 0, 0, 500, 500, '2020-06-30', 2, 2, 1, 1, '0A-00-27-00-00-11', 117, 1000, 0),
('200630C00118', '4441', 1, '2020-06-30', '16:45:48', '2020-06-30', 1, 0, '2020-06-30', 0, 2000, 200, 0, 200, 1, 0, 0, 0, 0, '2020-06-30', 2, 2, 1, 1, '0A-00-27-00-00-11', 118, 2000, 0),
('200630C00119', '3513', 1, '2020-06-30', '16:56:31', '2020-06-30', 1, 0, '2020-06-30', 0, 5000, 1, 0, 1, 1, 0, 0, 5000, 5000, '2020-06-30', 2, 2, 1, 1, '0A-00-27-00-00-11', 119, 5000, 0),
('200630C00120', '1561', 1, '2020-06-30', '18:02:44', '2020-06-30', 1, 0, '2020-06-30', 0, 300, 30, 0, 30, 0, 0, 50, 50, 50, '2020-06-30', 2, 2, 1, 1, '0A-00-27-00-00-11', 120, 300, 0),
('200630C00121', 'PRUEBA1', 1, '2020-06-30', '18:05:06', '2020-06-30', 1, 0, '2020-06-30', 0, 3000, 300, 0, 300, 0, 0, 1000, 1000, 1000, '2020-06-30', 2, 2, 1, 1, '0A-00-27-00-00-11', 121, 3000, 0),
('200630C00122', 'PRUEBA2', 1, '2020-06-30', '18:37:23', '2020-06-30', 1, 0, '2020-06-30', 0, 300000, 0, 300, 30000, 0, 0, 200000, 0, 0, '2020-06-30', 2, 2, 1, 1, '0A-00-27-00-00-11', 122, 300000, 0),
('200630C00123', 'PRUEBA3', 1, '2020-06-30', '18:53:24', '2020-06-30', 1, 0, '2020-06-30', 0, 30000, 0, 30, 3000, 0, 0, 20000, 0, 30000, '2020-06-30', 2, 2, 1, 1, '0A-00-27-00-00-11', 123, 30000, 0),
('200630C00124', 'PR5', 1, '2020-06-30', '19:07:58', '2020-06-30', 1, 0, '2020-06-30', 0, 300000, 0, 300, 30000, 0, 0, 100000, 0, 0, '2020-06-30', 2, 2, 1, 1, '0A-00-27-00-00-11', 124, 300000, 0),
('200630C00125', 'PR5', 1, '2020-06-30', '19:36:13', '2020-06-30', 1, 0, '2020-06-30', 0, 300000, 0, 300, 30000, 0, 0, 200000, 0, 0, '2020-06-30', 2, 2, 1, 1, '0A-00-27-00-00-11', 125, 300000, 0),
('200630C00126', 'PR6', 1, '2020-06-30', '19:44:15', '2020-06-30', 1, 0, '2020-06-30', 0, 300000, 0, 300, 30000, 1, 0, 0, 400000, 400000, '2020-06-30', 2, 2, 1, 1, '0A-00-27-00-00-11', 126, 300000, 0),
('200630C00127', 'XX1', 1, '2020-06-30', '19:49:00', '2020-06-30', 1, 0, '2020-06-30', 0, 30000, 3000, 0, 3000, 0, 0, 30000, 0, 0, '2020-06-30', 2, 2, 1, 1, '0A-00-27-00-00-11', 127, 30000, 0),
('200630C00128', 'USS7', 1, '2020-06-30', '20:13:46', '2020-06-30', 1, 0, '2020-06-30', 0, 30000, 3000, 0, 3000, 0, 0, 20000, 0, 0, '2020-06-30', 2, 2, 1, 1, '0A-00-27-00-00-11', 128, 30000, 0),
('200630C00129', 'APOLO11', 1, '2020-06-30', '20:28:26', '2020-06-30', 1, 0, '2020-06-30', 0, 30000, 0, 30, 3000, 0, 0, 20000, 0, 0, '2020-06-30', 2, 2, 1, 1, '0A-00-27-00-00-11', 129, 30000, 0),
('200630C00130', 'SPACEX', 1, '2020-06-30', '18:00:32', '2020-06-30', 1, 0, '2020-06-30', 0, 50000, 0, 1, 1, 0, 0, 40000, 10000, 5000, '2020-06-30', 2, 2, 1, 1, '0A-00-27-00-00-11', 130, 50000, 0),
('200630C00131', 'GOLD GRAGON', 1, '2020-06-30', '18:21:45', '2020-06-30', 1, 0, '2020-06-30', 0, 50000, 10, 0, 10, 0, 0, 45000, 5000, 5000, '2020-06-30', 2, 2, 1, 1, '0A-00-27-00-00-11', 131, 50000, 0),
('200630C00132', 'RPM1', 1, '2020-06-30', '18:29:10', '2020-06-30', 1, 0, '2020-06-30', 0, 50000, 0, 1, 1, 0, 0, 40000, 5000, 5000, '2020-06-30', 2, 2, 1, 1, '0A-00-27-00-00-11', 132, 50000, 0),
('200630C00133', 'LOL111', 1, '2020-06-30', '19:11:30', '2020-06-30', 1, 0, '2020-06-30', 0, 500000, 0, 10, 100, 0, 0, 379650, 0, 50000, '2020-07-14', 2, 2, 1, 1, '0A-00-27-00-00-11', 133, 500000, 0),
('200630C00134', 'ULTIMATUM', 1, '2020-06-30', '19:36:00', '2020-06-30', 1, 0, '2020-06-30', 0, 500000, 0, 10, 100, 1, 0, 0, 50000, 412000, '2020-08-12', 2, 2, 1, 1, '0A-00-27-00-00-11', 134, 500000, 0),
('200703C00135', '0', 1, '2020-07-03', '17:00:53', '2020-07-03', 1, 0, '2020-07-03', 0, 0, 0, 0, 0, 0, 1, 0, 0, 0, '2020-07-03', 2, 2, 0, 0, '0', 135, 0, 0),
('200703C00136', 'UUYY', 5, '2020-07-03', '17:03:55', '2020-07-03', 2, 25, '2020-07-28', 1, 5581008, 0, 13, 136, 0, 0, 559400.0000000009, 1000000, 4540600, '2020-08-12', 2, 2, 1, 3, '0A-00-27-00-00-11', 136, 6201120, 620112),
('200713C00137', '8888', 7, '2020-07-13', '16:33:52', '2020-07-13', 1, 0, '2020-07-13', 0, 600000, 0, 1, 10, 1, 0, 0, 600000, 600000, '2020-07-14', 2, 2, 1, 1, '0A-00-27-00-00-11', 137, 600000, 0),
('201108C00138', '10222', 1, '2020-11-08', '14:42:55', '2020-11-08', 1, 0, '2020-11-08', 0, 3000000, 0, 5, 50, 1, 0, 0, 3000000, 3000000, '2020-11-08', 2, 2, 1, 1, '0A-00-27-00-00-0E', 138, 3000000, 0),
('201108C00139', '000222', 1, '2020-11-08', '15:15:21', '2020-11-08', 1, 0, '2020-11-08', 0, 5000, 0, 5, 500, 1, 0, 0, 5000, 5000, '2020-11-08', 2, 2, 1, 1, '0A-00-27-00-00-0E', 139, 5000, 0),
('201110C00140', '77702', 7, '2020-11-10', '22:28:17', '2020-11-10', 1, 0, '2020-11-10', 0, 225000000, 0, 300, 4500, 1, 0, 0, 225000000, 225000000, '2020-11-10', 2, 2, 1, 1, '0A-00-27-00-00-0E', 140, 225000000, 0),
('201116C00141', '65655', 1, '2020-11-16', '11:50:25', '2020-11-16', 1, 0, '2020-11-16', 0, 6000000, 0, 10, 100, 1, 0, 0, 6000000, 6000000, '2020-11-16', 2, 2, 1, 1, '0A-00-27-00-00-0E', 141, 6000000, 0),
('201212C00142', '0', 1, '2020-12-12', '00:41:33', '2020-12-12', 1, 0, '2020-12-12', 0, 0, 0, 0, 0, 0, 0, 0, 0, 0, '2020-12-12', 2, 2, 0, 0, '0', 142, 0, 0),
('210113C00143', 'XXD', 1, '2021-01-13', '22:01:04', '2021-01-13', 1, 0, '2021-01-13', 0, 150000, 0, 50, 50, 0, 0, 150000, 0, 0, '2021-01-13', 2, 2, 1, 5, '0A-00-27-00-00-0E', 143, 150000, 0),
('210210C00144', 'SFSAF', 1, '2021-02-10', '16:51:17', '2021-02-10', 1, 0, '2021-02-10', 0, 160, 10, 1, 22, 1, 0, 0, 160, 160, '2021-02-10', 2, 2, 1, 2, '0A-00-27-00-00-0E', 144, 160, 0);

-- --------------------------------------------------------

--
-- Estructura de tabla para la tabla `compra_detalle`
--

CREATE TABLE IF NOT EXISTS `compra_detalle` (
  `comd_id` int(11) NOT NULL AUTO_INCREMENT,
  `comd_nrocompra` varchar(20) COLLATE utf8_spanish_ci NOT NULL,
  `comd_codproducto` varchar(20) COLLATE utf8_spanish_ci NOT NULL,
  `comd_prodDescripcion` varchar(150) COLLATE utf8_spanish_ci NOT NULL,
  `comd_empaque` double NOT NULL,
  `comd_cajas` double NOT NULL,
  `comd_piezas` double NOT NULL,
  `comd_qty` double NOT NULL,
  `comd_costocompra` double NOT NULL,
  `comd_costomedio` double NOT NULL,
  `comd_costocompOLD` double NOT NULL,
  `comd_costomedOLD` double NOT NULL,
  `comd_stockOLD` double NOT NULL,
  `comd_subtotal` double NOT NULL,
  `comd_precio1` double NOT NULL,
  `comd_precio2` double NOT NULL,
  `comd_precio3` double NOT NULL,
  `comd_deposito` int(5) NOT NULL,
  PRIMARY KEY (`comd_id`),
  KEY `comd_nrocompra` (`comd_nrocompra`),
  KEY `comd_codproducto` (`comd_codproducto`)
) ENGINE=InnoDB  DEFAULT CHARSET=utf8 COLLATE=utf8_spanish_ci AUTO_INCREMENT=694 ;

--
-- Volcar la base de datos para la tabla `compra_detalle`
--

INSERT INTO `compra_detalle` (`comd_id`, `comd_nrocompra`, `comd_codproducto`, `comd_prodDescripcion`, `comd_empaque`, `comd_cajas`, `comd_piezas`, `comd_qty`, `comd_costocompra`, `comd_costomedio`, `comd_costocompOLD`, `comd_costomedOLD`, `comd_stockOLD`, `comd_subtotal`, `comd_precio1`, `comd_precio2`, `comd_precio3`, `comd_deposito`) VALUES
(556, '19062800015', '585', '1', 1, 1, 1, 1, 1, 1, 1, 1, 1, 1, 1, 1, 1, 1),
(557, '19070100026', 'AGN313', 'CAMARA', 20, 5, 0, 100, 4500, 0, 4500, 0, 0, 450000, 5000, 28000, 36000, 1),
(558, '19070100026', 'AAA111', 'LOL', 1, 5, 0, 5, 2, 0, 2, 0, 0, 10, 3, 4, 5, 1),
(559, '19070100027', 'WWE777', 'PLANCHA ELECTRICA', 15, 10, 0, 150, 40000, 0, 40000, 0, 0, 6000000, 85000, 32555, 120000, 1),
(560, '19070100027', 'AAA111', 'LOL', 1, 0, 5, 5, 2, 0, 2, 0, 0, 10, 3, 4, 5, 1),
(561, '19070100028', 'AGN313', 'CAMARA', 10, 5, 0, 50, 5000, 0, 4500, 0, 0, 250000, 5000, 10000, 36000, 1),
(562, '19070100028', '6546', 'PAJARRACOS', 1, 66, 0, 66, 20, 0, 20, 0, 0, 1320, 500, 32, 500, 1),
(563, '19070100028', '585', 'TELEFONO SSD JJK', 14, 1, 0, 14, 80, 0, 80, 0, 0, 1120, 100, 110, 120, 1),
(564, '19070300034', 'AGN313', 'CAMARA', 10, 0, 5, 5, 4500, 0, 5000, 0, 67, 22500, 5000, 10000, 36000, 2),
(565, '19070300034', '6546', 'PAJARRACOS', 10, 1, 1, 11, 20, 0, 20, 0, 66, 220, 500, 32, 500, 2),
(566, '19070300035', '6546', 'PAJARRACOS', 10, 3, 0, 30, 15, 18.6, 20, 0, 77, 450, 20, 22, 25, 1),
(567, '19070300036', '6546', 'PAJARRACOS', 10, 1, 0, 10, 15, 15, 20, 18.6, 107, 150, 20, 22, 25, 2),
(568, '19070300037', '6546', 'PAJARRACOS', 10, 0, 117, 117, 20, 17.5, 15, 15, 117, 2340, 20, 22, 25, 5),
(569, '19070400042', 'AGN313', 'CAMARA', 10, 500, 7, 5007, 5000, 4992.91, 5000, 0, 72, 25035000, 5000, 10000, 36000, 1),
(570, '19070400043', 'AGN313', 'CAMARA', 10, 200, 0, 2000, 5000, 4994.91, 5000, 4992.91, 5079, 10000000, 5000, 10000, 36000, 1),
(571, '19070700044', 'AAA111', 'LOL', 1, 1, 0, 1, 2, 2, 2, 0, 5, 2, 3, 4, 5, 1),
(572, '19070700044', '6546', 'PAJARRACOS', 10, 1, 0, 10, 20, 17.6, 20, 17.5, 234, 200, 20, 22, 25, 1),
(573, '19070800045', 'AAA111', 'LOL', 1, 0, 1, 1, 2, 2, 2, 2, 6, 2, 3, 4, 5, 1),
(574, '19070800046', 'AGN313', 'CAMARA', 10, 1, 0, 10, 5000, 4994.92, 5000, 4994.91, 7079, 50000, 5000, 10000, 36000, 1),
(575, '19070800053', 'AGN313', 'CAMARA', 10, 0, 5, 5, 5000, 4994.92, 5000, 4994.92, 7089, 25000, 5000, 10000, 36000, 1),
(576, '19070800053', '6546', 'PAJARRACOS', 10, 3, 0, 30, 20, 17.86, 20, 17.6, 244, 600, 20, 22, 25, 1),
(577, '19070800053', '585', 'TELEFONO SSD JJK', 14, 1, 0, 14, 80, 80, 80, 0, 14, 1120, 100, 110, 120, 1),
(578, '19070800054', 'WWE777', 'PLANCHA ELECTRICA', 15, 5, 0, 75, 40000, 40000, 40000, 0, 150, 3000000, 85000, 32555, 120000, 1),
(579, '19070800054', '6546', 'PAJARRACOS', 10, 5, 0, 50, 20, 18.19, 20, 17.86, 274, 1000, 20, 22, 25, 1),
(580, '19070800054', '585', 'TELEFONO SSD JJK', 14, 5, 0, 70, 80, 80, 80, 80, 28, 5600, 100, 110, 120, 1),
(581, '19070800055', '585', 'TELEFONO SSD JJK', 14, 0, 5, 5, 80, 80, 80, 80, 98, 400, 100, 110, 120, 1),
(582, '19070800056', '585', 'TELEFONO SSD JJK', 14, 5, 0, 70, 80, 80, 80, 80, 103, 5600, 100, 110, 120, 1),
(583, '19070800057', '585', 'TELEFONO SSD JJK', 14, 5, 0, 70, 80, 80, 80, 80, 173, 5600, 100, 110, 120, 1),
(584, '19070800058', '585', 'TELEFONO SSD JJK', 14, 0, 5, 5, 80, 80, 80, 80, 243, 400, 100, 110, 120, 1),
(585, '19070800059', '585', 'TELEFONO SSD JJK', 14, 5, 0, 70, 80, 80, 80, 80, 248, 5600, 100, 110, 120, 1),
(586, '19070800060', '585', 'TELEFONO SSD JJK', 14, 5, 0, 70, 80, 80, 80, 80, 318, 5600, 100, 110, 120, 1),
(587, '19070800061', '585', 'TELEFONO SSD JJK', 14, 0, 5, 5, 80, 80, 80, 80, 388, 400, 100, 110, 120, 1),
(588, '19070800062', '585', 'TELEFONO SSD JJK', 14, 0, 5, 5, 80, 80, 80, 80, 393, 400, 100, 110, 120, 1),
(589, '19070800063', '585', 'TELEFONO SSD JJK', 14, 0, 5, 5, 80, 80, 80, 80, 398, 400, 100, 110, 120, 1),
(590, '19070900064', 'AGN313', 'CAMARA', 10, 0, 5, 5, 5000, 4994.92, 5000, 4994.92, 7094, 25000, 5000, 10000, 36000, 1),
(591, '19070900064', 'AAA111', 'LOL', 1, 5, 0, 5, 2, 2, 2, 2, 7, 10, 3, 4, 5, 1),
(592, '19070900065', '585', 'TELEFONO SSD JJK', 14, 5, 0, 70, 80, 80, 80, 80, 403, 5600, 100, 110, 120, 1),
(593, '19070900066', '585', 'TELEFONO SSD JJK', 14, 0, 6, 6, 80, 80, 80, 80, 473, 480, 100, 110, 120, 1),
(597, '19082100072', '6546', 'PAJARRACOS', 10, 0, 7, 7, 20, 18.45, 20, 18.45, 502, 140, 20, 22, 25, 5),
(599, '19072200068', '669', 'TESTE HUAWEI P30', 1, 0, 6, 6, 5000000, 5000000, 5000000, 5000000, 21, 30000000, 6000000, 6500000, 7000000, 1),
(600, '19072200068', 'AGN313', 'CAMARA', 10, 5, 0, 50, 5000, 4994.97, 5000, 4994.94, 7313, 250000, 5000, 10000, 36000, 1),
(607, '19100700073', 'AGN313', 'CAMARA', 10, 1, 2, 12, 5000, 4995.09, 5000, 4995.08, 7363, 60000, 5000, 10000, 36000, 1),
(608, '19100800074', '6546', 'PAJARRACOS', 10, 20, 0, 200, 60000, 16938.49, 20, 18.45, 509, 12000000, 70000, 100000, 160000, 5),
(609, '19100800074', '669', 'TESTE HUAWEI P30', 1, 70, 0, 70, 5000000, 5000000, 5000000, 5000000, 27, 350000000, 6000000, 6500000, 7000000, 5),
(610, '19100800074', 'LLL111', 'PALETA LAVADORA', 12, 7, 0, 84, 50000, 50000, 50000, 66, 0, 4200000, 600000, 540000, 260000, 5),
(611, '19100800074', 'AGN313', 'CAMARA', 10, 80, 0, 800, 5000, 4995.57, 5000, 4995.09, 7375, 4000000, 5000, 10000, 36000, 5),
(612, '19100800075', 'UUU202', 'LLANTA DE TRASBORDADOR ESPACIAL', 1, 20, 1, 21, 500000, 500000, 500000, 0, 0, 10500000, 2000000, 1500000, 1000000, 1),
(613, '19100800075', '6546', 'PAJARRACOS', 10, 2, 0, 20, 60000, 18119.88, 60000, 16938.49, 709, 1200000, 70000, 100000, 160000, 1),
(615, '19100800077', '585', 'TELEFONO SSD JJK', 14, 0, 10, 10, 80, 80, 80, 80, 20, 800, 100, 110, 120, 1),
(617, '19100800077', 'LLL111', 'PALETA LAVADORA', 12, 0, 10, 10, 50000, 50000, 50000, 50000, 84, 500000, 600000, 540000, 260000, 1),
(618, '19100800077', '669', 'TESTE HUAWEI P30', 1, 0, 4, 4, 5000000, 5000000, 5000000, 5000000, 97, 20000000, 6000000, 6500000, 7000000, 1),
(619, '19100800078', '669', 'TESTE HUAWEI P30', 1, 0, 101, 101, 1000000, 3000000, 5000000, 5000000, 101, 101000000, 6000000, 6500000, 7000000, 1),
(620, '19101700079', 'AAA111', 'LICUADORA', 1, 0, 100, 100, 100000, 83235.51, 100000, 83235.51, 123, 10000000, 0, 0, 0, 1),
(621, '19101700080', '000', 'PERRO', 100, 1, 0, 100, 10, 10, 10, 0, 0, 1000, 0, 0, 0, 1),
(622, '19101700081', '000', 'PERRO', 100, 1, 0, 100, 20, 15, 10, 10, 100, 2000, 0, 0, 0, 1),
(623, '19101700082', '585', 'TELEFONO SSD JJK', 14, 1, 0, 14, 80, 80, 80, 80, 30, 1120, 100, 110, 120, 1),
(624, '19110500084', '000', 'PERRO', 100, 5, 0, 500, 10, 10, 10, 10, 1100, 5000, 30, 30, 30, 1),
(625, '19110500084', 'WWE777', 'PLANCHA ELECTRICA', 15, 0, 5, 5, 50000, 50000, 50000, 50000, 485, 250000, 50, 50, 50, 1),
(626, '19111300085', '6546', 'PAJARRACOS', 10, 5, 0, 50, 60000, 20878.78, 60000, 20878.78, 859, 3000000, 70000, 100000, 160000, 1),
(627, '19111800086', 'AAA111', 'LICUADORA', 1, 0, 15, 15, 100000, 85057.74, 100000, 85478.65, 142, 1500000, 110000, 120000, 130000, 1),
(628, '19111800086', '585', 'TELEFONO SSD JJK', 14, 0, 12, 12, 80, 80, 80, 80, 51, 960, 100, 110, 120, 1),
(629, '19111800086', '000', 'PERRO', 100, 0, 8, 8, 10, 10, 10, 10, 1613, 80, 30, 30, 30, 1),
(630, '19111800086', 'AGN313', 'CAMARA', 10, 50, 0, 500, 5000, 4995.36, 5000, 4995.36, 8663, 2500000, 5000, 10000, 36000, 1),
(631, '19111800087', 'LLL111', 'PALETA LAVADORA', 12, 0, 8, 8, 50000, 50000, 50000, 50000, 94, 400000, 600000, 540000, 260000, 4),
(632, '19111800087', 'AAA111', 'LICUADORA', 1, 0, 4, 4, 100000, 85478.65, 100000, 85057.74, 138, 400000, 110000, 120000, 130000, 4),
(633, '19111800087', '669', 'TESTE HUAWEI P30', 1, 0, 4, 4, 1000000, 2923809.52, 1000000, 3000000, 101, 4000000, 6000000, 6500000, 7000000, 4),
(634, '19111800087', '585', 'TELEFONO SSD JJK', 14, 0, 4, 4, 80, 80, 80, 80, 42, 320, 100, 110, 120, 4),
(635, '19111800087', '000', 'PERRO', 100, 0, 5, 5, 10, 10, 10, 10, 1608, 50, 30, 30, 30, 4),
(636, '19111300085', '585', 'TELEFONO SSD JJK', 14, 0, 5, 5, 80, 80, 80, 80, 68, 400, 100, 110, 120, 1),
(637, '19111900090', '000', 'PERRO', 100, 0, 1, 1, 10, 10, 10, 10, 1643, 10, 30, 30, 30, 1),
(638, '19111900091', '000', 'PERRO', 100, 0, 3, 3, 10, 10, 10, 10, 1639, 30, 30, 30, 30, 1),
(640, '19111300085', '669', 'TESTE HUAWEI P30', 1, 20, 0, 20, 1000000, 2616000, 1000000, 2923809.52, 105, 20000000, 6000000, 6500000, 7000000, 1),
(641, '19123100094', 'CACA001', 'JAULA PARA LORO', 1, 100, 0, 100, 50000, 50000, 50000, 50000, 200, 5000000, 100000, 100000, 150000, 1),
(642, '19123100095', '000', 'PERRO', 100, 0, 6, 6, 10, 10, 10, 10, -12356, 60, 30, 30, 30, 1),
(646, '20010200096', 'CACA001', 'JAULA PARA LORO', 1, 200, 0, 200, 50000, 50000, 50000, 50000, 1300, 10000000, 100000, 100000, 150000, 1),
(649, '20022000106', 'AGN313', 'CAMARA', 10, 1, 0, 10, 5000, 5000, 5000, 5000, 8533, 50000, 5000, 10000.5, 36000, 1),
(650, '20022000104', 'AGN313', 'CAMARA', 10, 5, 0, 50, 5000, 5000, 5000, 4995.36, 8493, 250000, 5000, 10000.5, 36000, 5),
(651, '20062500107', 'WWE777', 'PLANCHA ELECTRICA', 15, 1000, 0, 15000, 50000, 50000, 50000, 50000, -151453, 750000000, 10000, 80000, 90000, 1),
(652, '200628C00108', 'AGN313', 'CAMARA', 10, 300, 0, 3000, 5000, 5000, 5000, 5000, -101993, 15000000, 5000, 10000.5, 36000, 1),
(653, '200629C00109', '000', 'PERRO', 100, 5, 0, 500, 10, 10, 10, 10, -15666, 5000, 30, 30, 30, 1),
(654, '200629C00110', 'AGN313', 'CAMARA', 10, 56, 0, 560, 5000, 5000, 5000, 5000, -98998, 2800000, 5000, 10000.5, 36000, 1),
(655, '200630C00111', '6546', 'PAJARRACOS', 10, 200, 0, 2000, 60000, 50359.73, 60000, 20878.78, 654, 120000000, 70000, 100000, 160000, 1),
(656, '200630C00112', '669', 'TESTE HUAWEI P30', 1, 50, 0, 50, 1000000, 1874715.6, 1000000, 2616000, 59, 50000000, 6000000, 6500000, 7000000, 1),
(657, '200630C00113', '669', 'TESTE HUAWEI P30', 1, 0, 1, 1, 1000000, 1866763.64, 1000000, 1874715.6, 109, 1000000, 6000000, 6500000, 7000000, 1),
(658, '200630C00114', '000', 'PERRO', 100, 5, 0, 500, 10, 10, 10, 10, -15166, 5000, 30, 30, 30, 1),
(659, '200630C00115', '000', 'PERRO', 100, 0, 100, 100, 10, 10, 10, 10, -14666, 1000, 30, 30, 30, 1),
(660, '200630C00116', '000', 'PERRO', 100, 0, 100, 100, 10, 10, 10, 10, -14566, 1000, 30, 30, 30, 1),
(661, '200630C00117', '000', 'PERRO', 100, 0, 100, 100, 10, 10, 10, 10, -14466, 1000, 30, 30, 30, 1),
(662, '200630C00118', '000', 'PERRO', 100, 0, 200, 200, 10, 10, 10, 10, -14366, 2000, 30, 30, 30, 1),
(663, '200630C00119', 'AGN313', 'CAMARA', 10, 0, 1, 1, 5000, 5000, 5000, 5000, -98440, 5000, 5000, 10000.5, 36000, 1),
(664, '200630C00120', '000', 'PERRO', 100, 0, 30, 30, 10, 10, 10, 10, -14166, 300, 30, 30, 30, 1),
(665, '200630C00121', '000', 'PERRO', 100, 0, 300, 300, 10, 10, 10, 10, -14136, 3000, 30, 30, 30, 1),
(666, '200630C00122', '000', 'PERRO', 100, 300, 0, 30000, 10, 10, 10, 10, -13836, 300000, 30, 30, 30, 1),
(667, '200630C00123', '000', 'PERRO', 100, 30, 0, 3000, 10, 10, 10, 10, 16164, 30000, 30, 30, 30, 1),
(668, '200630C00124', '000', 'PERRO', 100, 300, 0, 30000, 10, 10, 10, 10, 19164, 300000, 30, 30, 30, 1),
(669, '200630C00125', '000', 'PERRO', 100, 300, 0, 30000, 10, 10, 10, 10, 49164, 300000, 30, 30, 30, 1),
(670, '200630C00126', '000', 'PERRO', 100, 300, 0, 30000, 10, 10, 10, 10, 79164, 300000, 30, 30, 30, 1),
(671, '200630C00127', '000', 'PERRO', 100, 0, 3000, 3000, 10, 10, 10, 10, 109164, 30000, 30, 30, 30, 1),
(672, '200630C00128', '000', 'PERRO', 100, 0, 3000, 3000, 10, 10, 10, 10, 112164, 30000, 30, 30, 30, 1),
(673, '200630C00129', '000', 'PERRO', 100, 30, 0, 3000, 10, 10, 10, 10, 115164, 30000, 30, 30, 30, 1),
(674, '200630C00130', 'CACA001', 'JAULA PARA LORO', 1, 1, 0, 1, 50000, 50000, 50000, 50000, 1597, 50000, 100000, 100000, 150000, 1),
(675, '200630C00131', 'AGN313', 'CAMARA', 10, 0, 10, 10, 5000, 5000, 5000, 5000, -98439, 50000, 5000, 10000.5, 36000, 1),
(676, '200630C00132', 'CACA001', 'JAULA PARA LORO', 1, 1, 0, 1, 50000, 50000, 50000, 50000, 1598, 50000, 100000, 100000, 150000, 1),
(677, '200630C00133', 'AGN313', 'CAMARA', 10, 10, 0, 100, 5000, 5000, 5000, 5000, -98429, 500000, 5000, 10000.5, 36000, 1),
(678, '200630C00134', 'AGN313', 'CAMARA', 10, 10, 0, 100, 5000, 5000, 5000, 5000, -98329, 500000, 5000, 10000.5, 36000, 1),
(679, '200703C00136', 'AAA111', 'LICUADORA', 1, 2, 0, 2, 100000, 85261.04, 100000, 85057.74, 145, 200000, 110000, 120000, 130000, 1),
(680, '200703C00136', '585', 'TELEFONO SSD JJK', 14, 1, 0, 14, 80, 80, 80, 80, -1047, 1120, 100, 110, 120, 1),
(681, '200703C00136', 'LLL111', 'PALETA LAVADORA', 12, 10, 0, 120, 50000, 50000, 50000, 50000, -10, 6000000, 600000, 540000, 260000, 1),
(682, '200713C00137', '6546', 'PAJARRACOS', 10, 1, 0, 10, 60000, 50395.92, 60000, 50359.73, 2654, 600000, 70000, 100000, 160000, 1),
(683, '201108C00138', '6546', 'PAJARRACOS', 10, 5, 0, 50, 60000, 50573.18, 60000, 50395.92, 2659, 3000000, 70000, 100000, 160000, 1),
(684, '201108C00139', '000', 'NEUMATICO ', 100, 5, 0, 500, 10, 10, 10, 10, 118059, 5000, 30, 30, 30, 1),
(685, '201110C00140', 'WWE777', 'PLANCHA ELECTRICA', 15, 300, 0, 4500, 50000, 50000, 50000, 50000, -136468, 225000000, 55000, 57500, 65000, 1),
(686, '201116C00141', '6546', 'PAJARRACOS', 10, 10, 0, 100, 60000, 50908.77, 60000, 50573.18, 2709, 6000000, 70000, 100000, 160000, 1),
(687, '210113C00143', 'X7', 'PLASTICO', 1, 10, 0, 10, 5000, 5000, 0, 0, 0, 50000, 0, 0, 3000, 1),
(688, '210113C00143', 'X6', 'AGUJA', 1, 10, 0, 10, 3000, 3000, 0, 0, 0, 30000, 0, 0, 0, 1),
(689, '210113C00143', 'X3', 'MERCURIO', 1, 10, 0, 10, 1000, 1000, 0, 0, 0, 10000, 0, 0, 0, 1),
(690, '210113C00143', 'X2', 'LITIO', 1, 10, 0, 10, 1000, 1000, 0, 0, 0, 10000, 0, 0, 0, 1),
(691, '210113C00143', 'X1', 'VIDRIO', 1, 10, 0, 10, 5000, 5000, 0, 0, 0, 50000, 0, 0, 0, 1),
(692, '210210C00144', '0352', 'DISCO DE EMPANADA', 12, 1, 0, 12, 5, 5, 0, 0, 0, 60, 5, 5, 5, 1),
(693, '210210C00144', '0022', 'CARNE MOLIDA', 1, 0, 10, 10, 10, 10, 0, 0, 0, 100, 10, 10, 10, 1);

-- --------------------------------------------------------

--
-- Estructura de tabla para la tabla `costoproduccion`
--

CREATE TABLE IF NOT EXISTS `costoproduccion` (
  `cprod_id` int(11) NOT NULL AUTO_INCREMENT,
  `cprod_codprodfinal` varchar(30) NOT NULL,
  `cprod_costo` double NOT NULL DEFAULT '0',
  PRIMARY KEY (`cprod_id`)
) ENGINE=InnoDB  DEFAULT CHARSET=latin1 AUTO_INCREMENT=22 ;

--
-- Volcar la base de datos para la tabla `costoproduccion`
--

INSERT INTO `costoproduccion` (`cprod_id`, `cprod_codprodfinal`, `cprod_costo`) VALUES
(1, 'AAA111', 20000),
(2, 'WWE777', 1255545454545),
(3, 'AGN313', 2500),
(5, '1', 0),
(6, '669', 2000),
(7, '000', 50000),
(8, '585', 0),
(9, 'XXX', 20000),
(10, 'NNN', 0),
(11, 'W1', 1500),
(12, 'W2', 2000),
(13, 'X1', 0),
(14, 'X2', 0),
(15, 'X3', 0),
(16, 'X6', 0),
(17, 'X7', 0),
(18, 'UUU202', 0),
(19, '0022', 0),
(20, '0352', 0),
(21, '00X5', 0.5);

-- --------------------------------------------------------

--
-- Estructura de tabla para la tabla `cotizacion`
--

CREATE TABLE IF NOT EXISTS `cotizacion` (
  `cot_codigo` int(5) NOT NULL AUTO_INCREMENT,
  `cot_descripcion` varchar(50) NOT NULL,
  `cot_cotizacion` double(15,2) NOT NULL DEFAULT '0.00',
  `cot_operacion` varchar(10) NOT NULL,
  `cot_defecto` int(1) NOT NULL DEFAULT '0',
  `cot_secuencia` int(3) NOT NULL,
  `cot_estado` int(11) NOT NULL DEFAULT '0' COMMENT '0 es activado, 1 desactivado y 2 bloqueado',
  PRIMARY KEY (`cot_codigo`)
) ENGINE=InnoDB  DEFAULT CHARSET=latin1 AUTO_INCREMENT=8 ;

--
-- Volcar la base de datos para la tabla `cotizacion`
--

INSERT INTO `cotizacion` (`cot_codigo`, `cot_descripcion`, `cot_cotizacion`, `cot_operacion`, `cot_defecto`, `cot_secuencia`, `cot_estado`) VALUES
(1, 'GUARANI', 1.00, '=', 1, 1, 0),
(2, 'PESO', 70.00, 'X', 0, 3, 0),
(3, 'REAL', 1600.00, 'X', 0, 4, 0),
(4, 'DOLAR', 5000.00, 'X', 0, 2, 0),
(5, 'T. CREDITO', 1.50, '=', 0, 5, 0),
(6, 'T. DÉBITO', 1.00, '=', 0, 6, 0),
(7, 'CHEQUE', 6800.00, '=', 0, 7, 0);

-- --------------------------------------------------------

--
-- Estructura de tabla para la tabla `fichatecnica`
--

CREATE TABLE IF NOT EXISTS `fichatecnica` (
  `ficha_id` int(11) NOT NULL,
  `ficha_codprodfinal` varchar(30) NOT NULL,
  `ficha_codmateria` varchar(30) NOT NULL,
  `ficha_descripcion` varchar(50) NOT NULL,
  `ficha_cantindad` double NOT NULL,
  PRIMARY KEY (`ficha_id`)
) ENGINE=InnoDB DEFAULT CHARSET=latin1;

--
-- Volcar la base de datos para la tabla `fichatecnica`
--

INSERT INTO `fichatecnica` (`ficha_id`, `ficha_codprodfinal`, `ficha_codmateria`, `ficha_descripcion`, `ficha_cantindad`) VALUES
(5, 'WWE777', 'OOO000', 'LIMON', 0.25),
(8, 'WWE777', '111000', 'NARANJA', 36),
(9, '669', '111000', 'NARANJA', 0.5),
(10, '669', 'OOO000', 'LIMON', 0.5),
(11, '000', '111000', 'NARANJA', 0.53),
(12, 'AAA111', 'OOO000', 'LIMON', 5),
(13, 'AAA111', '111000', 'NARANJA', 12),
(14, 'AGN313', 'OOO000', 'LIMON', 5),
(15, 'XXX', 'NNN', 'NNN', 3000),
(16, 'W1', 'X1', 'VIDRIO', 1),
(17, 'W1', 'X2', 'LITIO', 1),
(18, 'W1', 'X3', 'MERCURIO', 1),
(19, 'W2', 'X6', 'AGUJA', 1),
(20, 'W2', 'X7', 'PLASTICO', 1),
(21, '00X5', '0022', 'CARNE MOLIDA', 0.25),
(22, '00X5', '0352', 'DISCO DE EMPANADA', 1);

-- --------------------------------------------------------

--
-- Estructura de tabla para la tabla `grupo`
--

CREATE TABLE IF NOT EXISTS `grupo` (
  `grup_codigo` int(4) NOT NULL AUTO_INCREMENT,
  `grup_descripcion` text NOT NULL,
  `grup_descuento` int(3) DEFAULT NULL,
  `grup_estado` int(1) NOT NULL DEFAULT '0' COMMENT '0 es activado, 1 desactivado y 2 bloqueado',
  PRIMARY KEY (`grup_codigo`),
  UNIQUE KEY `grup_codigo` (`grup_codigo`)
) ENGINE=InnoDB  DEFAULT CHARSET=latin1 AUTO_INCREMENT=10 ;

--
-- Volcar la base de datos para la tabla `grupo`
--

INSERT INTO `grupo` (`grup_codigo`, `grup_descripcion`, `grup_descuento`, `grup_estado`) VALUES
(1, 'CASA', 3, 0),
(2, 'DEPORTES', 0, 0),
(3, 'ROPA', 15, 0),
(4, 'ZAPATOS', 15, 0),
(5, 'BAÑO', 0, 0),
(6, 'HERRAMIENTAS', 0, 0),
(7, 'JOYAS', 0, 0),
(8, 'COMESTIBLES', 0, 0),
(9, 'CAZA', 10, 0);

-- --------------------------------------------------------

--
-- Estructura de tabla para la tabla `historial_cotizacion`
--

CREATE TABLE IF NOT EXISTS `historial_cotizacion` (
  `hcot_codigo` int(11) NOT NULL AUTO_INCREMENT,
  `hcot_fecha` date NOT NULL,
  `hcot_codmoneda` int(11) NOT NULL,
  `hcot_cotizacion` double NOT NULL,
  `hcot_coduser` int(11) NOT NULL,
  PRIMARY KEY (`hcot_codigo`),
  KEY `hcot_codmoneda` (`hcot_codmoneda`),
  KEY `hcot_coduser` (`hcot_coduser`)
) ENGINE=InnoDB  DEFAULT CHARSET=latin1 AUTO_INCREMENT=58 ;

--
-- Volcar la base de datos para la tabla `historial_cotizacion`
--

INSERT INTO `historial_cotizacion` (`hcot_codigo`, `hcot_fecha`, `hcot_codmoneda`, `hcot_cotizacion`, `hcot_coduser`) VALUES
(2, '2020-01-18', 1, 6800, 1),
(7, '2020-01-18', 1, 6535, 1),
(8, '2020-01-18', 1, 6230, 1),
(9, '2020-01-18', 2, 32, 1),
(10, '2020-01-18', 2, 32, 1),
(11, '2020-01-18', 3, 4, 1),
(12, '2020-01-18', 3, 4.2, 1),
(13, '2020-01-18', 2, 32, 1),
(14, '2020-01-21', 5, 6800, 1),
(15, '2020-01-28', 7, 6800, 1),
(16, '2020-01-29', 3, 0, 1),
(17, '2020-01-29', 3, 0, 1),
(18, '2020-01-29', 5, 0, 1),
(19, '2020-01-29', 6, 0, 1),
(20, '2020-01-29', 7, 0, 1),
(21, '2020-01-29', 6, 0, 1),
(22, '2020-01-29', 6, 0, 1),
(23, '2020-01-29', 1, 0, 1),
(24, '2020-01-29', 2, 0, 1),
(25, '2020-01-29', 2, 0, 1),
(26, '2020-01-29', 7, 0, 1),
(27, '2020-01-29', 6, 0, 1),
(28, '2020-01-29', 5, 0, 1),
(29, '2020-01-29', 5, 0, 1),
(30, '2020-01-29', 5, 0, 1),
(31, '2020-01-29', 7, 0, 1),
(32, '2020-01-29', 6, 0, 1),
(33, '2020-01-29', 6, 0, 1),
(34, '2020-01-30', 1, 6400, 1),
(35, '2020-01-30', 1, 6400, 1),
(36, '2020-01-30', 1, 0, 1),
(37, '2020-01-30', 4, 0, 1),
(38, '2020-01-30', 2, 0, 1),
(39, '2020-01-30', 3, 0, 1),
(40, '2020-01-30', 4, 6400, 1),
(41, '2020-01-30', 2, 1, 1),
(42, '2020-01-30', 2, 500, 1),
(43, '2020-01-30', 3, 1500, 1),
(44, '2020-02-03', 4, 6540, 1),
(45, '2020-02-05', 1, 6400, 1),
(46, '2020-02-05', 3, 1, 1),
(47, '2020-02-05', 3, 1, 1),
(48, '2020-02-05', 1, 1, 1),
(49, '2020-02-05', 4, 6540, 1),
(50, '2020-02-05', 3, 1, 1),
(51, '2020-02-05', 4, 6540, 1),
(52, '2020-02-05', 3, 1600, 1),
(53, '2020-02-05', 3, 1600, 1),
(54, '2020-02-05', 2, 70, 1),
(55, '2020-02-24', 6, 1, 1),
(56, '2020-02-24', 5, 1.5, 1),
(57, '2020-05-04', 4, 5000, 1);

-- --------------------------------------------------------

--
-- Estructura de tabla para la tabla `inventario`
--

CREATE TABLE IF NOT EXISTS `inventario` (
  `inv_numero` varchar(30) NOT NULL,
  `inv_fecha` date NOT NULL,
  `inv_observacion` varchar(250) NOT NULL,
  `inv_personal` int(11) NOT NULL,
  `inv_usuario` int(11) NOT NULL,
  `inv_cantidad` int(11) NOT NULL,
  `inv_difcant` double NOT NULL,
  `inv_difvalor` double NOT NULL,
  `inv_id` int(11) NOT NULL,
  PRIMARY KEY (`inv_numero`)
) ENGINE=InnoDB DEFAULT CHARSET=latin1;

--
-- Volcar la base de datos para la tabla `inventario`
--

INSERT INTO `inventario` (`inv_numero`, `inv_fecha`, `inv_observacion`, `inv_personal`, `inv_usuario`, `inv_cantidad`, `inv_difcant`, `inv_difvalor`, `inv_id`) VALUES
('210317INV00002', '2021-03-17', '', 1, 1, 3, 0, 0, 2),
('210317INV00003', '2021-03-17', 'SE QUEMO EL NEGOCIO WEY', 3, 1, 3, -69, -2472570.16, 3),
('210317INV00004', '2021-03-17', 'SIMPLES Y SEGURO', 2, 1, 2, 730, 62240559.2, 4),
('210317INV00005', '2021-03-17', 'PRUEBA', 1, 1, 1, -1, -1, 5),
('210317INV00006', '2021-03-17', '', 1, 1, 1, 2, 2, 6),
('210318INV00007', '2021-03-18', 'LOCORE', 3, 1, 5, 0, 0, 7);

-- --------------------------------------------------------

--
-- Estructura de tabla para la tabla `inventario_detalle`
--

CREATE TABLE IF NOT EXISTS `inventario_detalle` (
  `indet_id` int(11) NOT NULL AUTO_INCREMENT,
  `indet_ninventario` varchar(30) NOT NULL,
  `indet_producto` varchar(30) NOT NULL,
  `indet_descripcion` varchar(100) NOT NULL,
  `indet_deposito` int(11) NOT NULL,
  `indet_cantanterior` double NOT NULL,
  `indet_cantcontada` double NOT NULL,
  `indet_costomedio` double NOT NULL,
  `indet_difcantidad` double NOT NULL,
  `indet_difvalor` double NOT NULL,
  PRIMARY KEY (`indet_id`)
) ENGINE=InnoDB  DEFAULT CHARSET=latin1 AUTO_INCREMENT=17 ;

--
-- Volcar la base de datos para la tabla `inventario_detalle`
--

INSERT INTO `inventario_detalle` (`indet_id`, `indet_ninventario`, `indet_producto`, `indet_descripcion`, `indet_deposito`, `indet_cantanterior`, `indet_cantcontada`, `indet_costomedio`, `indet_difcantidad`, `indet_difvalor`) VALUES
(1, '1', '1', '1', 1, 1, 1, 1, 1, 1),
(2, '210317INV00002', '000', 'NEUMATICO ', 3, 1, 1, 1, 0, 0),
(3, '210317INV00002', '000', 'NEUMATICO ', 2, 1, 1, 1, 0, 0),
(4, '210317INV00002', '000', 'NEUMATICO ', 1, 1, 1, 1, 0, 0),
(5, '210317INV00003', 'AAA111', 'LICUADORA', 1, 120, 100, 85261.04, -20, -1705220.8),
(6, '210317INV00003', 'AAA111', 'LICUADORA', 5, 11, 2, 85261.04, -9, -767349.36),
(7, '210317INV00003', '111000', 'NARANJA', 1, 240, 200, 0, -40, 0),
(8, '210317INV00004', 'AAA111', 'LICUADORA', 1, 120, 850, 85261.04, 730, 62240559.2),
(9, '210317INV00004', '00X5', 'EMPANADA', 1, 9, 9, 0, 0, 0),
(10, '210317INV00005', '000', 'NEUMATICO ', 1, 1, 0, 1, -1, -1),
(11, '210317INV00006', '000', 'NEUMATICO ', 1, 0, 2, 1, 2, 2),
(12, '210318INV00007', 'AAA111', 'LICUADORA', 5, 11, 12, 85261.04, 1, 85261.04),
(13, '210318INV00007', 'AAA111', 'LICUADORA', 4, 4, 3, 85261.04, -1, -85261.04),
(14, '210318INV00007', 'AAA111', 'LICUADORA', 3, 0, 1, 85261.04, 1, 85261.04),
(15, '210318INV00007', 'AAA111', 'LICUADORA', 2, 35, 34, 85261.04, -1, -85261.04),
(16, '210318INV00007', 'AAA111', 'LICUADORA', 1, 120, 120, 85261.04, 0, 0);

-- --------------------------------------------------------

--
-- Estructura de tabla para la tabla `marcas`
--

CREATE TABLE IF NOT EXISTS `marcas` (
  `mar_codigo` int(4) NOT NULL AUTO_INCREMENT,
  `mar_descripcion` text NOT NULL,
  `mar_descuento` int(3) DEFAULT NULL,
  `mar_estado` int(1) NOT NULL DEFAULT '0',
  PRIMARY KEY (`mar_codigo`),
  UNIQUE KEY `mar_codigo` (`mar_codigo`)
) ENGINE=InnoDB  DEFAULT CHARSET=latin1 AUTO_INCREMENT=10 ;

--
-- Volcar la base de datos para la tabla `marcas`
--

INSERT INTO `marcas` (`mar_codigo`, `mar_descripcion`, `mar_descuento`, `mar_estado`) VALUES
(1, 'FERRARI', 30, 0),
(2, 'MICHAEL KROKS', 1, 0),
(3, 'ADIDAS', 45, 0),
(4, 'NIKE', 90, 0),
(5, 'PRINGLES', 0, 0),
(6, 'ARCOR', 0, 0),
(7, 'HUAWEI', 12, 0),
(8, 'PUMA', 0, 0),
(9, 'CASE', 5, 0);

-- --------------------------------------------------------

--
-- Estructura de tabla para la tabla `movimiento`
--

CREATE TABLE IF NOT EXISTS `movimiento` (
  `mov_numero` varchar(20) NOT NULL,
  `mov_fecha` date NOT NULL,
  `mov_hora` time NOT NULL,
  `mov_operacion` int(11) NOT NULL,
  `mov_depin` int(11) NOT NULL,
  `mov_depout` int(11) NOT NULL,
  `mov_personal` int(11) NOT NULL,
  `mov_obs` varchar(150) NOT NULL,
  `mov_costototal` double NOT NULL,
  `mov_codprodfinal` varchar(20) NOT NULL,
  `mov_cantprodfinal` double NOT NULL,
  `mov_user` int(11) NOT NULL,
  `mov_id` int(11) NOT NULL,
  PRIMARY KEY (`mov_numero`)
) ENGINE=InnoDB DEFAULT CHARSET=latin1;

--
-- Volcar la base de datos para la tabla `movimiento`
--


-- --------------------------------------------------------

--
-- Estructura de tabla para la tabla `mov_detalle`
--

CREATE TABLE IF NOT EXISTS `mov_detalle` (
  `mdet_id` int(11) NOT NULL AUTO_INCREMENT,
  `mdet_nromov` varchar(20) NOT NULL,
  `mdet_codproducto` varchar(50) NOT NULL,
  `mdet_descripcion` varchar(100) NOT NULL,
  `mdet_cantidad` double NOT NULL,
  `mdet_costo` double NOT NULL,
  `mdet_subtotal` double NOT NULL,
  PRIMARY KEY (`mdet_id`)
) ENGINE=InnoDB DEFAULT CHARSET=latin1 AUTO_INCREMENT=1 ;

--
-- Volcar la base de datos para la tabla `mov_detalle`
--


-- --------------------------------------------------------

--
-- Estructura de tabla para la tabla `pais`
--

CREATE TABLE IF NOT EXISTS `pais` (
  `pais_codigo` int(3) NOT NULL AUTO_INCREMENT,
  `pais_descripcion` text NOT NULL,
  PRIMARY KEY (`pais_codigo`),
  UNIQUE KEY `pais_codigo` (`pais_codigo`)
) ENGINE=InnoDB  DEFAULT CHARSET=latin1 AUTO_INCREMENT=11 ;

--
-- Volcar la base de datos para la tabla `pais`
--

INSERT INTO `pais` (`pais_codigo`, `pais_descripcion`) VALUES
(1, 'PARAGUAY'),
(2, 'BRASIL'),
(3, 'ARGENTINA'),
(4, 'CHINA'),
(5, 'NIGERIA'),
(6, 'SINGAPUR'),
(7, 'ISRAEL'),
(8, 'ESPAÑA'),
(9, 'ESTADOS UNIDOS'),
(10, 'COREA DEL SUR');

-- --------------------------------------------------------

--
-- Estructura de tabla para la tabla `pdn_detalle`
--

CREATE TABLE IF NOT EXISTS `pdn_detalle` (
  `detpdn_id` int(11) NOT NULL AUTO_INCREMENT,
  `detpdn_numpdn` varchar(20) NOT NULL,
  `detpdn_codproducto` varchar(20) NOT NULL,
  `detpdn_descri` varchar(150) NOT NULL,
  `detpdn_cantbruta` double NOT NULL,
  `detpdn_cantneta` double NOT NULL,
  `detpdn_obs` varchar(200) NOT NULL,
  `detpdn_costo` double NOT NULL,
  `detpdn_costomedio` double NOT NULL,
  `detpdn_costoOLD` double NOT NULL,
  `detpdn_costomedOLD` double NOT NULL,
  `detpdn_stockOLD` double NOT NULL,
  `detpdn_subtotal` double NOT NULL,
  `detpdn_p1` double NOT NULL,
  `detpdn_p2` double NOT NULL,
  `detpdn_p3` double NOT NULL,
  PRIMARY KEY (`detpdn_id`)
) ENGINE=InnoDB  DEFAULT CHARSET=latin1 AUTO_INCREMENT=58 ;

--
-- Volcar la base de datos para la tabla `pdn_detalle`
--

INSERT INTO `pdn_detalle` (`detpdn_id`, `detpdn_numpdn`, `detpdn_codproducto`, `detpdn_descri`, `detpdn_cantbruta`, `detpdn_cantneta`, `detpdn_obs`, `detpdn_costo`, `detpdn_costomedio`, `detpdn_costoOLD`, `detpdn_costomedOLD`, `detpdn_stockOLD`, `detpdn_subtotal`, `detpdn_p1`, `detpdn_p2`, `detpdn_p3`) VALUES
(2, '201213PDN00004', 'WWE777', 'PLANCHA ELECTRICA', 20, 20, 'PARA AYER QUIERE', 50000, 0, 0, 0, 0, 1000000, 0, 0, 0),
(3, '201213PDN00004', 'AGN313', 'CAMARA', 5, 5, 'CAMARAS PARA MAÑANA SI O SI', 5000, 0, 0, 0, 0, 25000, 0, 0, 0),
(6, '201228PDN00008', 'AAA111', 'LICUADORA', 20, 20, 'HACER PRIMERO', 85261.04, 0, 0, 0, 0, 1705220.8, 0, 0, 0),
(7, '201228PDN00008', 'AGN313', 'CAMARA', 50, 50, 'ULTIMO SLSLS', 5000, 0, 0, 0, 0, 250000, 0, 0, 0),
(8, '210106PDN00009', 'AGN313', 'CAMARA', 6, 6, 'LOL', 5000, 0, 0, 0, 0, 30000, 0, 0, 0),
(9, '210106PDN00009', '669', 'TESTE HUAWEI P30', 12, 12, 'TRISTIN', 1866763.64, 0, 0, 0, 0, 22401163.68, 0, 0, 0),
(10, '210106PDN00010', '669', 'TESTE HUAWEI P30', 5, 5, '4545', 1866763.64, 0, 0, 0, 0, 9333818.2, 0, 0, 0),
(11, '210106PDN00011', 'AGN313', 'CAMARA', 12, 12, 'LOL', 5000, 0, 0, 0, 0, 60000, 0, 0, 0),
(12, '210106PDN00011', '669', 'TESTE HUAWEI P30', 20, 20, '', 1866763.64, 0, 0, 0, 0, 37335272.8, 0, 0, 0),
(13, '210106PDN00012', 'AGN313', 'CAMARA', 20, 20, '', 5000, 0, 0, 0, 0, 100000, 0, 0, 0),
(14, '210106PDN00012', '669', 'TESTE HUAWEI P30', 12, 12, '', 1866763.64, 0, 0, 0, 0, 22401163.68, 0, 0, 0),
(15, '210106PDN00013', 'AGN313', 'CAMARA', 87, 87, 'PARA LOPEZ', 5000, 0, 0, 0, 0, 435000, 0, 0, 0),
(16, '210106PDN00013', 'AAA111', 'LICUADORA', 8, 8, 'FINANCIERA', 85261.04, 0, 0, 0, 0, 682088.32, 0, 0, 0),
(17, '210106PDN00016', '669', 'TESTE HUAWEI P30', 5, 5, '', 1866763.64, 0, 0, 0, 0, 9333818.2, 0, 0, 0),
(18, '210106PDN00016', '6546', 'PAJARRACOS', 2, 2, '', 50908.77, 0, 0, 0, 0, 101817.54, 0, 0, 0),
(19, '210106PDN00016', '585', 'TELEFONO SSD JJK', 32, 32, '', 80, 0, 0, 0, 0, 2560, 0, 0, 0),
(24, '210111PDN00019', 'AGN313', 'CAMARA', 6, 6, '', 5000, 0, 0, 0, 0, 30000, 0, 0, 0),
(25, '210111PDN00019', 'AAA111', 'LICUADORA', 6, 6, '', 85261.04, 0, 0, 0, 0, 511566.24, 0, 0, 0),
(27, '201213PDN00002', 'AGN313', 'CAMARA', 20, 20, '', 5000, 0, 0, 0, 0, 100000, 0, 0, 0),
(28, '201228PDN00007', 'AAA111', 'LICUADORA', 40, 35, 'HACER PROMERO', 85261.04, 0, 0, 0, 0, 3410441.6, 0, 0, 0),
(29, '201228PDN00007', 'AGN313', 'CAMARA', 5, 5, '', 5000, 0, 0, 0, 0, 25000, 0, 0, 0),
(34, '210113PDN00022', 'W1', 'TERMOMETRO', 2, 1, '', 0, 0, 0, 0, 0, 0, 0, 0, 0),
(37, '210113PDN00023', 'W2', 'JERINGA', 2, 2, '', 0, 0, 0, 0, 0, 0, 0, 0, 0),
(40, '210113PDN00024', 'W2', 'JERINGA', 2, 2, '', 0, 0, 0, 0, 0, 0, 0, 0, 0),
(41, '210113PDN00024', 'W1', 'TERMOMETRO', 2, 1, '', 0, 0, 0, 0, 0, 0, 0, 0, 0),
(48, '210113PDN00026', 'W1', 'TERMOMETRO', 2, 2, '', 0, 0, 0, 0, 0, 0, 0, 0, 0),
(49, '210113PDN00026', 'W2', 'JERINGA', 2, 1, '', 0, 0, 0, 0, 0, 0, 0, 0, 0),
(51, '210210PDN00027', '00X5', 'EMPANADA', 10, 9, '', 0, 0, 0, 0, 0, 0, 0, 0, 0),
(52, '210113PDN00025', 'W2', 'JERINGA', 2, 2, '', 0, 0, 0, 0, 0, 0, 0, 0, 0),
(53, '210113PDN00025', 'W1', 'TERMOMETRO', 2, 2, '', 0, 0, 0, 0, 0, 0, 0, 0, 0),
(54, 'w', 'w', 'w', 1, 1, '1', 1, 0, 0, 0, 0, 1, 1, 1, 1),
(55, '210315PDN00050', 'W2', 'JERINGA', 5, 5, '', 10000, 0, 0, 0, 0, 50000, 11000, 12000, 15000),
(57, '210315PDN00051', 'W2', 'JERINGA', 5, 6, '', 10000, 10000, 0, 0, -3, 50000, 0, 0, 0);

-- --------------------------------------------------------

--
-- Estructura de tabla para la tabla `personal`
--

CREATE TABLE IF NOT EXISTS `personal` (
  `per_codigo` int(11) NOT NULL AUTO_INCREMENT,
  `per_nombre` varchar(80) COLLATE utf8_spanish_ci NOT NULL,
  `per_cargo` varchar(80) COLLATE utf8_spanish_ci DEFAULT NULL,
  `per_estado` int(1) NOT NULL DEFAULT '0' COMMENT '0 es activado, 1 desactivado y 2 bloqueado',
  PRIMARY KEY (`per_codigo`)
) ENGINE=InnoDB  DEFAULT CHARSET=utf8 COLLATE=utf8_spanish_ci AUTO_INCREMENT=4 ;

--
-- Volcar la base de datos para la tabla `personal`
--

INSERT INTO `personal` (`per_codigo`, `per_nombre`, `per_cargo`, `per_estado`) VALUES
(1, 'ALEX JARA', '', 0),
(2, 'ALEXIS CABRERA', '', 0),
(3, 'DONALD TRUMP', NULL, 0);

-- --------------------------------------------------------

--
-- Estructura de tabla para la tabla `produccion`
--

CREATE TABLE IF NOT EXISTS `produccion` (
  `pdn_numero` varchar(20) NOT NULL,
  `pdn_fecha` date NOT NULL,
  `pdn_hora` time NOT NULL,
  `pdn_codpersonal` int(11) NOT NULL,
  `pdn_estado` int(1) NOT NULL COMMENT '0 es reanudacion, 1 en proceso, 2 aprobado, 3 finalizado, 4 anulado',
  `pdn_depin` int(11) NOT NULL,
  `pdn_depout` int(11) NOT NULL,
  `pdn_items` int(11) NOT NULL,
  `pdn_costototal` double NOT NULL,
  `pdn_user` int(11) NOT NULL,
  `pdn_usermodif` int(11) NOT NULL,
  `pdn_obs` varchar(200) NOT NULL,
  `pdn_id` int(11) NOT NULL,
  PRIMARY KEY (`pdn_numero`)
) ENGINE=InnoDB DEFAULT CHARSET=latin1;

--
-- Volcar la base de datos para la tabla `produccion`
--

INSERT INTO `produccion` (`pdn_numero`, `pdn_fecha`, `pdn_hora`, `pdn_codpersonal`, `pdn_estado`, `pdn_depin`, `pdn_depout`, `pdn_items`, `pdn_costototal`, `pdn_user`, `pdn_usermodif`, `pdn_obs`, `pdn_id`) VALUES
('201213PDN00001', '2020-12-13', '15:28:29', 1, 0, 0, 0, 0, 0, 0, 0, '0', 1),
('201213PDN00002', '2020-12-13', '10:57:39', 2, 1, 5, 1, 1, 100000, 1, 1, 'CHICHI KK', 2),
('201213PDN00003', '2020-12-13', '18:06:19', 1, 4, 0, 0, 0, 0, 0, 1, '0', 3),
('201213PDN00004', '2020-12-13', '21:45:35', 1, 4, 1, 1, 2, 0, 1, 1, 'LOL', 4),
('201213PDN00005', '2020-12-13', '23:15:01', 1, 3, 0, 0, 0, 0, 0, 0, '0', 5),
('201213PDN00006', '2020-12-13', '23:20:15', 1, 0, 0, 0, 0, 0, 0, 0, '0', 6),
('201228PDN00007', '2020-12-28', '16:38:10', 1, 2, 2, 1, 2, 3435441.6, 1, 1, 'QUIERO PARA HOY', 7),
('201228PDN00008', '2020-12-28', '12:30:00', 2, 1, 2, 2, 2, 1955220.8, 1, 1, 'QUIERO MAÑANA', 8),
('210106PDN00009', '2021-01-06', '09:29:50', 1, 1, 1, 1, 2, 22431163.68, 1, 1, 'PIPOPO', 9),
('210106PDN00010', '2021-01-06', '09:30:22', 2, 1, 1, 1, 1, 9333818.2, 1, 1, '', 10),
('210106PDN00011', '2021-01-06', '09:39:47', 1, 1, 1, 1, 2, 37395272.8, 1, 1, '', 11),
('210106PDN00012', '2021-01-06', '09:59:44', 1, 1, 1, 1, 2, 22501163.68, 1, 1, '', 12),
('210106PDN00013', '2021-01-06', '10:05:25', 3, 1, 2, 1, 2, 1117088.3199999998, 1, 1, 'RAPIDISIMO', 13),
('210106PDN00014', '2021-01-06', '16:57:03', 1, 0, 0, 0, 0, 0, 0, 0, '0', 14),
('210106PDN00015', '2021-01-06', '17:12:34', 1, 0, 0, 0, 0, 0, 0, 0, '0', 15),
('210106PDN00016', '2021-01-06', '17:21:44', 2, 1, 1, 1, 3, 9438195.739999998, 1, 1, '', 16),
('210110PDN00017', '2021-01-10', '14:43:27', 1, 0, 0, 0, 0, 0, 0, 0, '0', 17),
('210110PDN00018', '2021-01-10', '14:50:16', 1, 0, 0, 0, 0, 0, 0, 0, '0', 18),
('210111PDN00019', '2021-01-11', '10:43:23', 2, 1, 1, 1, 2, 541566.24, 1, 1, '', 19),
('210113PDN00020', '2021-01-13', '22:02:24', 1, 0, 1, 1, 0, 0, 0, 0, '0', 20),
('210113PDN00021', '2021-01-13', '22:55:07', 1, 2, 5, 1, 2, 0, 0, 1, 'PYAETEREIKE CHE DUO', 21),
('210113PDN00022', '2021-01-13', '23:03:59', 1, 2, 5, 1, 2, 0, 1, 1, '', 22),
('210113PDN00023', '2021-01-13', '23:08:21', 2, 2, 4, 1, 2, 0, 1, 1, '', 23),
('210113PDN00024', '2021-01-13', '11:23:48', 1, 4, 4, 1, 2, 0, 1, 1, '', 24),
('210113PDN00025', '2021-01-13', '11:22:51', 1, 3, 1, 1, 2, 0, 1, 1, '', 25),
('210113PDN00026', '2021-01-13', '23:28:56', 1, 3, 5, 1, 2, 0, 1, 1, '', 26),
('210210PDN00027', '2021-02-10', '17:45:54', 1, 3, 1, 1, 1, 0, 1, 1, '', 27),
('210210PDN00028', '2021-02-10', '17:23:02', 1, 0, 1, 1, 0, 0, 0, 0, '0', 28),
('210301PDN00029', '2021-03-01', '11:36:36', 1, 0, 1, 1, 0, 0, 0, 0, '0', 29),
('210302PDN00030', '2021-03-02', '14:29:07', 1, 0, 1, 1, 0, 0, 0, 0, '0', 30),
('210303PDN00031', '2021-03-03', '10:39:23', 1, 0, 1, 1, 0, 0, 0, 0, '0', 31),
('210303PDN00032', '2021-03-03', '10:45:51', 1, 0, 1, 1, 0, 0, 0, 0, '0', 32),
('210303PDN00033', '2021-03-03', '10:49:56', 1, 0, 1, 1, 0, 0, 0, 0, '0', 33),
('210303PDN00034', '2021-03-03', '11:47:15', 1, 0, 1, 1, 0, 0, 0, 0, '0', 34),
('210303PDN00035', '2021-03-03', '11:54:27', 1, 0, 1, 1, 0, 0, 0, 0, '0', 35),
('210303PDN00036', '2021-03-03', '12:09:46', 1, 0, 1, 1, 0, 0, 0, 0, '0', 36),
('210303PDN00037', '2021-03-03', '12:15:02', 1, 0, 1, 1, 0, 0, 0, 0, '0', 37),
('210303PDN00038', '2021-03-03', '12:28:38', 1, 0, 1, 1, 0, 0, 0, 0, '0', 38),
('210303PDN00039', '2021-03-03', '12:30:31', 1, 0, 1, 1, 0, 0, 0, 0, '0', 39),
('210303PDN00040', '2021-03-03', '12:32:42', 1, 0, 1, 1, 0, 0, 0, 0, '0', 40),
('210303PDN00041', '2021-03-03', '12:33:13', 1, 0, 1, 1, 0, 0, 0, 0, '0', 41),
('210304PDN00042', '2021-03-04', '10:35:51', 1, 0, 1, 1, 0, 0, 0, 0, '0', 42),
('210304PDN00043', '2021-03-04', '10:45:19', 1, 0, 1, 1, 0, 0, 0, 0, '0', 43),
('210304PDN00044', '2021-03-04', '10:47:53', 1, 0, 1, 1, 0, 0, 0, 0, '0', 44),
('210304PDN00045', '2021-03-04', '10:51:05', 1, 0, 1, 1, 0, 0, 0, 0, '0', 45),
('210304PDN00046', '2021-03-04', '10:56:05', 1, 0, 1, 1, 0, 0, 0, 0, '0', 46),
('210304PDN00047', '2021-03-04', '11:06:06', 1, 0, 1, 1, 0, 0, 0, 0, '0', 47),
('210304PDN00048', '2021-03-04', '16:18:07', 1, 0, 1, 1, 0, 0, 0, 0, '0', 48),
('210305PDN00049', '2021-03-05', '20:44:35', 1, 0, 1, 1, 0, 0, 0, 0, '0', 49),
('210315PDN00050', '2021-03-15', '16:57:04', 1, 4, 1, 1, 1, 50000, 1, 1, '8', 50),
('210315PDN00051', '2021-03-15', '16:58:57', 2, 3, 1, 1, 1, 50000, 1, 1, '', 51),
('210315PDN00052', '2021-03-15', '17:13:12', 1, 0, 1, 1, 0, 0, 0, 0, '0', 52);

-- --------------------------------------------------------

--
-- Estructura de tabla para la tabla `productos`
--

CREATE TABLE IF NOT EXISTS `productos` (
  `prod_codigo` varchar(20) CHARACTER SET utf8 COLLATE utf8_spanish_ci NOT NULL,
  `prod_subcodigo` varchar(20) DEFAULT NULL,
  `prod_subcodigo1` varchar(20) DEFAULT NULL,
  `prod_descripcion` varchar(150) NOT NULL,
  `prod_descripcion1` varchar(150) DEFAULT NULL,
  `prod_costo` double(15,3) DEFAULT NULL,
  `prod_costomedio` double(15,3) DEFAULT NULL,
  `prod_costocompra` double(15,3) DEFAULT NULL,
  `prod_precio1` double(15,3) DEFAULT NULL,
  `prod_precio2` double(15,3) DEFAULT NULL,
  `prod_precio3` double(15,3) DEFAULT NULL,
  `prod_empaque` double DEFAULT '1',
  `prod_unmedida` int(5) NOT NULL DEFAULT '0',
  `prod_iva` int(3) DEFAULT '10',
  `prod_codgrupo` int(4) NOT NULL,
  `prod_codmarca` int(4) NOT NULL,
  `prod_codproveedor` int(4) NOT NULL,
  `prod_stock` double(15,3) NOT NULL DEFAULT '0.000',
  `prod_d1` double(15,3) DEFAULT '0.000',
  `prod_d2` double(15,3) DEFAULT '0.000',
  `prod_d3` double(15,3) DEFAULT '0.000',
  `prod_d4` double(15,3) DEFAULT '0.000',
  `prod_d5` double(15,3) DEFAULT '0.000',
  `prod_ubicacion` varchar(100) DEFAULT NULL,
  `prod_fechacompra` date DEFAULT NULL,
  `prod_ultimacompra` double(15,3) DEFAULT NULL,
  `prod_fechaventa` date DEFAULT NULL,
  `prod_ultimaventa` double(15,3) DEFAULT NULL,
  `prod_observacion` varchar(200) DEFAULT NULL,
  `prod_estado` int(1) NOT NULL DEFAULT '0' COMMENT '0 es activado, 1 desactivado y 2 bloqueado',
  `prod_tipo` int(1) NOT NULL DEFAULT '0',
  `prod_materia` int(1) NOT NULL DEFAULT '0' COMMENT '0 es producto final, 1 es materia prima y 2 normal',
  PRIMARY KEY (`prod_codigo`),
  UNIQUE KEY `prod_codigo` (`prod_codigo`),
  UNIQUE KEY `prod_subcodigo` (`prod_subcodigo`),
  UNIQUE KEY `prod_subcodigo1` (`prod_subcodigo1`),
  KEY `prod_codgrupo` (`prod_codgrupo`),
  KEY `prod_codmarca` (`prod_codmarca`),
  KEY `prod_codproveedor` (`prod_codproveedor`),
  KEY `prod_codigo_2` (`prod_codigo`),
  KEY `prod_codigo_3` (`prod_codigo`),
  KEY `prod_unmedida` (`prod_unmedida`)
) ENGINE=InnoDB DEFAULT CHARSET=latin1;

--
-- Volcar la base de datos para la tabla `productos`
--

INSERT INTO `productos` (`prod_codigo`, `prod_subcodigo`, `prod_subcodigo1`, `prod_descripcion`, `prod_descripcion1`, `prod_costo`, `prod_costomedio`, `prod_costocompra`, `prod_precio1`, `prod_precio2`, `prod_precio3`, `prod_empaque`, `prod_unmedida`, `prod_iva`, `prod_codgrupo`, `prod_codmarca`, `prod_codproveedor`, `prod_stock`, `prod_d1`, `prod_d2`, `prod_d3`, `prod_d4`, `prod_d5`, `prod_ubicacion`, `prod_fechacompra`, `prod_ultimacompra`, `prod_fechaventa`, `prod_ultimaventa`, `prod_observacion`, `prod_estado`, `prod_tipo`, `prod_materia`) VALUES
('000', '000', '000', 'NEUMATICO ', '', 1.000, 1.000, 10.000, 30.000, 30.000, 30.000, 100, 3, 10, 1, 1, 1, 6.000, 2.000, 1.000, 1.000, 1.000, 1.000, '', '2019-10-17', 0.000, '2019-10-17', 0.000, '', 0, 0, 0),
('0022', '0022', '0022', 'CARNE MOLIDA', '', 10.000, 10.000, 10.000, 10.000, 10.000, 10.000, 1, 2, 10, 1, 1, 1, 7.500, 7.500, 0.000, 0.000, 0.000, 0.000, '', '2021-02-10', 0.000, '2021-02-10', 0.000, '\n', 0, 0, 1),
('00X5', '00X5', '00X5', 'EMPANADA', '', 0.000, 0.000, 0.000, 0.000, 0.000, 0.000, 1, 4, 10, 1, 1, 1, 9.000, 9.000, 0.000, 0.000, 0.000, 0.000, '', '2021-02-10', 0.000, '2021-02-10', 0.000, '\n', 0, 0, 0),
('0352', '0352', '0352', 'DISCO DE EMPANADA', '', 5.000, 5.000, 5.000, 5.000, 5.000, 5.000, 12, 4, 10, 1, 1, 1, 2.000, 2.000, 0.000, 0.000, 0.000, 0.000, '', '2021-02-10', 0.000, '2021-02-10', 0.000, '\n', 0, 0, 1),
('111000', '111000', '111000', 'NARANJA', '', 0.000, 0.000, 0.000, 0.000, 0.000, 0.000, 1, 4, 10, 1, 1, 1, 240.000, 20.000, 50.000, 100.000, 20.000, 50.000, '', '2020-12-08', 0.000, '2020-12-08', 0.000, '\n', 0, 0, 1),
('585', '585', '366', 'TELEFONO SSD JJK', '', 80.000, 80.000, 80.000, 100.000, 110.000, 120.000, 14, 1, 10, 6, 6, 1, -1173.000, -1196.000, 1.000, 1.000, 5.000, 16.000, '', '2019-07-07', 0.000, '2019-07-07', 0.000, '', 0, 0, 0),
('6546', '6546', '6546', 'PAJARRACOS', '', 50908.770, 50908.770, 60000.000, 70000.000, 100000.000, 160000.000, 10, 5, 10, 1, 1, 1, 2809.000, 2286.000, 21.000, 0.000, 0.000, 502.000, '', '2019-07-07', 0.000, '2019-07-07', 0.000, '', 0, 0, 0),
('669', '555669', '669', 'TESTE HUAWEI P30', '', 1866763.640, 1866763.640, 1000000.000, 6000000.000, 6500000.000, 7000000.000, 1, 1, 10, 6, 7, 1, 105.000, 72.000, 0.000, 0.000, 4.000, 29.000, '', '2019-07-22', 0.000, '2019-07-22', 0.000, '\n', 0, 0, 0),
('AAA111', 'AAA111', 'AAA111', 'LICUADORA', '', 85261.040, 85261.040, 100000.000, 110000.000, 120000.000, 130000.000, 1, 1, 10, 1, 1, 1, 170.000, 120.000, 34.000, 1.000, 3.000, 12.000, '', '2019-07-07', 0.000, '2019-07-07', 0.000, '', 0, 0, 0),
('AGN313', 'AGN313', 'AGN313', 'CAMARA', '', 5000.000, 5000.000, 5000.000, 5000.000, 10000.500, 36000.000, 10, 4, 10, 3, 2, 5, -99036.000, -100071.000, 15.000, 0.000, 0.000, 1020.000, '', '2019-07-07', 0.000, '2019-07-07', 0.000, '', 0, 0, 0),
('CACA001', '8428.30.90', 'CACA001', 'JAULA PARA LORO', '', 50000.000, 50000.000, 50000.000, 100000.000, 100000.000, 150000.000, 1, 1, 10, 9, 9, 6, 1598.000, 1598.000, 0.000, 0.000, 0.000, 0.000, 'UPERUPI HINA', '2019-12-31', 0.000, '2019-12-31', 0.000, '\n', 0, 0, 0),
('LLL111', '8420.33.50', 'LLL111', 'PALETA LAVADORA', '', 50000.000, 50000.000, 50000.000, 600000.000, 540000.000, 260000.000, 12, 3, 10, 1, 6, 11, 110.000, 42.000, 0.000, 0.000, 8.000, 60.000, 'UPERUPI', '2019-10-08', 0.000, '2019-10-08', 0.000, '\n', 0, 0, 0),
('NNN', 'NNN', 'NNN', 'NNN', '', 2000.000, 0.000, 0.000, 0.000, 0.000, 0.000, 1, 1, 10, 1, 1, 1, 0.000, 0.000, 0.000, 0.000, 0.000, 0.000, '', '2021-01-10', 0.000, '2021-01-10', 0.000, '\n', 0, 0, 1),
('OOO000', 'OOO000', 'OOO000', 'LIMON', '', 0.000, 0.000, 0.000, 0.000, 0.000, 0.000, 1, 4, 10, 1, 1, 1, -195.000, -195.000, 0.000, 0.000, 0.000, 0.000, '', '2020-12-08', 0.000, '2020-12-08', 0.000, '\n', 0, 0, 1),
('UUU202', 'UUU202', 'UUU202', 'LLANTA DE TRASBORDADOR ESPACIAL', '', 500000.000, 500000.000, 500000.000, 2000000.000, 1500000.000, 1000000.000, 1, 4, 10, 6, 1, 5, 0.000, 0.000, 0.000, 0.000, 0.000, 0.000, '', '2019-10-08', 0.000, '2019-10-08', 0.000, '\n', 0, 0, 0),
('W1', 'W1', 'W1', 'TERMOMETRO', '', 0.000, 0.000, 0.000, 0.000, 0.000, 0.000, 1, 4, 10, 1, 1, 1, -2.000, 2.000, 0.000, 0.000, 0.000, -4.000, '', '2021-01-13', 0.000, '2021-01-13', 0.000, '', 0, 0, 0),
('W2', 'W2', 'W2', 'JERINGA', '', 10000.000, 10000.000, 10000.000, 0.000, 0.000, 0.000, 1, 4, 10, 1, 1, 1, 3.000, 0.000, 3.000, 0.000, 0.000, 0.000, '', '2021-01-13', 0.000, '2021-01-13', 0.000, '', 0, 0, 0),
('WWE777', 'WWE777', 'WWE777', 'PLANCHA ELECTRICA', '', 50000.000, 50000.000, 50000.000, 55000.000, 57500.000, 65000.000, 15, 3, 10, 1, 6, 1, -131988.000, -132238.000, 0.000, 0.000, 0.000, 250.000, '', '2019-07-07', 0.000, '2019-07-07', 0.000, '', 0, 0, 0),
('X1', 'X1', 'X1', 'VIDRIO', '', 5000.000, 5000.000, 5000.000, 0.000, 0.000, 0.000, 1, 1, 10, 1, 1, 1, 12.000, 12.000, 0.000, 0.000, 0.000, 0.000, '', '2021-01-13', 0.000, '2021-01-13', 0.000, '', 0, 0, 1),
('X2', 'X2', 'X2', 'LITIO', '', 1000.000, 1000.000, 1000.000, 0.000, 0.000, 0.000, 1, 1, 10, 1, 1, 1, 12.000, 12.000, 0.000, 0.000, 0.000, 0.000, '', '2021-01-13', 0.000, '2021-01-13', 0.000, '', 0, 0, 1),
('X3', 'X3', 'X3', 'MERCURIO', '', 1000.000, 1000.000, 1000.000, 0.000, 0.000, 0.000, 1, 1, 10, 1, 1, 1, 12.000, 12.000, 0.000, 0.000, 0.000, 0.000, '', '2021-01-13', 0.000, '2021-01-13', 0.000, '', 0, 0, 1),
('X6', 'X6', 'X6', 'AGUJA', '', 3000.000, 3000.000, 3000.000, 0.000, 0.000, 0.000, 1, 1, 10, 1, 1, 1, -2.000, -2.000, 0.000, 0.000, 0.000, 0.000, '', '2021-01-13', 0.000, '2021-01-13', 0.000, '', 0, 0, 1),
('X7', 'X7', 'X7', 'PLASTICO', '', 5000.000, 5000.000, 5000.000, 0.000, 0.000, 3000.000, 1, 1, 10, 1, 1, 1, -2.000, -2.000, 0.000, 0.000, 0.000, 0.000, '', '2021-01-13', 0.000, '2021-01-13', 0.000, '', 0, 0, 1),
('XXX', 'XXX', 'XXX', 'XXX', '', 1000.000, 0.000, 0.000, 1000.000, 0.000, 0.000, 1, 4, 10, 2, 9, 10, 0.000, 0.000, 0.000, 0.000, 0.000, 0.000, '', '2021-01-10', 0.000, '2021-01-10', 0.000, '\n', 0, 0, 0);

-- --------------------------------------------------------

--
-- Estructura de tabla para la tabla `proveedores`
--

CREATE TABLE IF NOT EXISTS `proveedores` (
  `prov_codigo` int(4) NOT NULL AUTO_INCREMENT,
  `prov_nombre` text NOT NULL,
  `prov_contacto` varchar(40) DEFAULT NULL,
  `prov_ruc` varchar(20) DEFAULT NULL,
  `prov_telef1` varchar(30) DEFAULT NULL,
  `prov_telef2` varchar(30) DEFAULT NULL,
  `prov_telef3` varchar(30) DEFAULT NULL,
  `prov_dir1` varchar(200) DEFAULT NULL,
  `prov_dir2` varchar(200) DEFAULT NULL,
  `prov_codpais` int(4) DEFAULT NULL,
  `prov_codciudad` int(4) DEFAULT NULL,
  `prov_correo1` varchar(60) DEFAULT NULL,
  `prov_correo2` varchar(60) DEFAULT NULL,
  `prov_estado` int(1) NOT NULL DEFAULT '0' COMMENT '0 es activado, 1 desactivado y 2 bloqueado',
  PRIMARY KEY (`prov_codigo`),
  UNIQUE KEY `prov_codigo` (`prov_codigo`),
  KEY `prov_codciudad` (`prov_codciudad`),
  KEY `prov_codpais` (`prov_codpais`)
) ENGINE=InnoDB  DEFAULT CHARSET=latin1 AUTO_INCREMENT=12 ;

--
-- Volcar la base de datos para la tabla `proveedores`
--

INSERT INTO `proveedores` (`prov_codigo`, `prov_nombre`, `prov_contacto`, `prov_ruc`, `prov_telef1`, `prov_telef2`, `prov_telef3`, `prov_dir1`, `prov_dir2`, `prov_codpais`, `prov_codciudad`, `prov_correo1`, `prov_correo2`, `prov_estado`) VALUES
(1, 'HUAWEI INC. LTD.', '64684', '800564548', '684684', '684684', '6546321', 'ÑODFÑLDJNVÑKJN', 'SLJNSVKASNVKJDF', 1, 2, 'sdfsfs', 'qdsfdfg', 0),
(3, 'ITAIPU', '654', '800564549', '5465', 'Sin Datos', 'Sin Datos', '353', 'SIN DATOS', 2, 1, 'itaipu@itaipu.com', 'Sin Datos', 0),
(4, 'FARMACIA SAN JORGE', 'JULIO', '6545855', '098765465468', 'Sin Datos', 'Sin Datos', 'UPERUPI', 'SIN DATOS', 2, 2, 'lol@lol.com', 'Sin Datos', 0),
(5, 'YASYRETA', 'NICANOR DUARTE', '800956855', '0986545685', 'Sin Datos', 'Sin Datos', 'AYOLAS', 'SIN DATOS', 1, 1, 'lol@lol.com', 'Sin Datos', 0),
(6, 'GICAL S.A.', 'ERGASTULO JARA', '800545456', '098354986', 'Sin Datos', 'Sin Datos', 'CHE LA REINA', 'SIN DATOS', 2, 2, 'fill@hotmail.com', 'Sin Datos', 0),
(7, 'TRES GARGANTAS ', 'JAKIE CHANG', '800777688', '0985346548', 'Sin Datos', 'Sin Datos', 'SHANGAI', 'SIN DATOS', 4, 3, 'woshihenkeai@gmail.com', 'Sin Datos', 0),
(10, 'SCORPION S.A.', '', '80063555', '', 'Sin Datos', 'Sin Datos', '', 'SIN DATOS', 1, 1, '', 'Sin Datos', 0),
(11, 'ANTONY LOVERA', '0904-23-44', '625825682-5', '', 'Sin Datos', 'Sin Datos', '', 'SIN DATOS', 5, 6, '', 'Sin Datos', 0);

-- --------------------------------------------------------

--
-- Estructura de tabla para la tabla `sistema`
--

CREATE TABLE IF NOT EXISTS `sistema` (
  `sis_dirfotos` varchar(150) NOT NULL,
  `sis_multihost` int(1) NOT NULL DEFAULT '0'
) ENGINE=InnoDB DEFAULT CHARSET=latin1;

--
-- Volcar la base de datos para la tabla `sistema`
--

INSERT INTO `sistema` (`sis_dirfotos`, `sis_multihost`) VALUES
('C:\\\\Users\\\\Anonimous\\\\Pictures', 0);

-- --------------------------------------------------------

--
-- Estructura de tabla para la tabla `transferenciastock`
--

CREATE TABLE IF NOT EXISTS `transferenciastock` (
  `trans_numero` varchar(30) NOT NULL,
  `trans_fecha` date NOT NULL,
  `trans_personal` int(11) NOT NULL,
  `trans_obs` varchar(200) NOT NULL,
  `trans_cantitems` int(11) NOT NULL,
  `trans_usuario` int(11) NOT NULL,
  `trans_id` int(11) NOT NULL,
  PRIMARY KEY (`trans_numero`)
) ENGINE=InnoDB DEFAULT CHARSET=latin1;

--
-- Volcar la base de datos para la tabla `transferenciastock`
--

INSERT INTO `transferenciastock` (`trans_numero`, `trans_fecha`, `trans_personal`, `trans_obs`, `trans_cantitems`, `trans_usuario`, `trans_id`) VALUES
('1', '2021-03-21', 1, '1', 1, 1, 1),
('210402TRNS00002', '2021-04-02', 1, '', 1, 1, 2),
('210402TRNS00003', '2021-04-02', 2, 'PRUEBA MAXIMA', 4, 1, 3);

-- --------------------------------------------------------

--
-- Estructura de tabla para la tabla `transferencia_detalle`
--

CREATE TABLE IF NOT EXISTS `transferencia_detalle` (
  `tradet_id` int(11) NOT NULL AUTO_INCREMENT,
  `tradet_numtransferencia` varchar(30) NOT NULL,
  `tradet_codproducto` varchar(30) NOT NULL,
  `tradet_descripcion` varchar(60) NOT NULL,
  `tradet_dedep` int(11) NOT NULL,
  `tradet_adep` int(11) NOT NULL,
  `tradet_decant` double NOT NULL,
  `tradet_acant` double NOT NULL,
  `tradet_transderido` double NOT NULL,
  `tradet_costomed` double NOT NULL,
  PRIMARY KEY (`tradet_id`)
) ENGINE=InnoDB  DEFAULT CHARSET=latin1 AUTO_INCREMENT=8 ;

--
-- Volcar la base de datos para la tabla `transferencia_detalle`
--

INSERT INTO `transferencia_detalle` (`tradet_id`, `tradet_numtransferencia`, `tradet_codproducto`, `tradet_descripcion`, `tradet_dedep`, `tradet_adep`, `tradet_decant`, `tradet_acant`, `tradet_transderido`, `tradet_costomed`) VALUES
(1, '', '1', '1', 1, 1, 1, 1, 1, 1),
(2, '1', '1', '1', 1, 1, 1, 1, 1, 1),
(3, '210402TRNS00002', 'W2', 'JERINGA', 1, 2, 0, 10000, 3, 3),
(4, '210402TRNS00003', '111000', 'NARANJA', 1, 5, 0, 240, 50, 240),
(5, '210402TRNS00003', '111000', 'NARANJA', 1, 4, 0, 0, 20, 240),
(6, '210402TRNS00003', '111000', 'NARANJA', 1, 3, 0, 0, 100, 240),
(7, '210402TRNS00003', '111000', 'NARANJA', 1, 2, 0, 0, 50, 240);

-- --------------------------------------------------------

--
-- Estructura de tabla para la tabla `trans_bancarias`
--

CREATE TABLE IF NOT EXISTS `trans_bancarias` (
  `tra_id` int(11) NOT NULL AUTO_INCREMENT,
  `tra_codmov` int(11) NOT NULL,
  `tra_codcaja` varchar(10) NOT NULL,
  `tra_nroperacion` varchar(20) NOT NULL,
  `tra_banco` varchar(50) NOT NULL,
  `tra_monto` double NOT NULL,
  `tra_estado` int(11) NOT NULL,
  PRIMARY KEY (`tra_id`)
) ENGINE=InnoDB DEFAULT CHARSET=latin1 AUTO_INCREMENT=1 ;

--
-- Volcar la base de datos para la tabla `trans_bancarias`
--


-- --------------------------------------------------------

--
-- Estructura de tabla para la tabla `unmedidas`
--

CREATE TABLE IF NOT EXISTS `unmedidas` (
  `unm_codigo` int(11) NOT NULL AUTO_INCREMENT,
  `unm_descripcion` varchar(20) NOT NULL,
  PRIMARY KEY (`unm_codigo`)
) ENGINE=InnoDB  DEFAULT CHARSET=latin1 AUTO_INCREMENT=8 ;

--
-- Volcar la base de datos para la tabla `unmedidas`
--

INSERT INTO `unmedidas` (`unm_codigo`, `unm_descripcion`) VALUES
(1, 'METRO'),
(2, 'KILOGRAMO'),
(3, 'PIEZA'),
(4, 'UNIDAD'),
(5, 'MILLAR'),
(6, 'DOCENA'),
(7, 'FARDO');

-- --------------------------------------------------------

--
-- Estructura de tabla para la tabla `usuarios`
--

CREATE TABLE IF NOT EXISTS `usuarios` (
  `user_codigo` int(11) NOT NULL AUTO_INCREMENT,
  `user_nombre` varchar(20) NOT NULL,
  `user_pass` varchar(20) NOT NULL,
  `user_privilegios` int(1) NOT NULL DEFAULT '0',
  `user_estado` int(1) NOT NULL DEFAULT '0' COMMENT '0 es activado, 1 desactivado y 2 bloqueado',
  PRIMARY KEY (`user_codigo`)
) ENGINE=InnoDB  DEFAULT CHARSET=latin1 AUTO_INCREMENT=3 ;

--
-- Volcar la base de datos para la tabla `usuarios`
--

INSERT INTO `usuarios` (`user_codigo`, `user_nombre`, `user_pass`, `user_privilegios`, `user_estado`) VALUES
(1, 'ADMINISTRADOR', '123', 0, 0),
(2, 'VENDEDOR', '123', 0, 0);

-- --------------------------------------------------------

--
-- Estructura de tabla para la tabla `ventas`
--

CREATE TABLE IF NOT EXISTS `ventas` (
  `ven_numero` varchar(20) COLLATE utf8_spanish_ci NOT NULL,
  `ven_factura` varchar(20) COLLATE utf8_spanish_ci NOT NULL,
  `ven_cliente` int(4) NOT NULL,
  `ven_fecha` date NOT NULL,
  `ven_hora` time NOT NULL,
  `ven_modfecha` date NOT NULL,
  `ven_personal` int(4) NOT NULL,
  `ven_plazocredito` int(3) NOT NULL,
  `ven_fechavence` date NOT NULL,
  `ven_tipoventa` int(1) NOT NULL,
  `ven_totalcosto` double NOT NULL DEFAULT '0',
  `ven_total` double NOT NULL DEFAULT '0',
  `ven_totalpzs` double NOT NULL DEFAULT '0',
  `ven_totalcjs` double NOT NULL DEFAULT '0',
  `ven_totalqty` double NOT NULL DEFAULT '0',
  `ven_pagado` int(1) NOT NULL DEFAULT '0',
  `ven_anulado` int(1) NOT NULL DEFAULT '0',
  `ven_saldo` double NOT NULL DEFAULT '0',
  `ven_ultpago` double NOT NULL DEFAULT '0',
  `ven_totalpago` double NOT NULL DEFAULT '0',
  `ven_fechapago` date NOT NULL,
  `ven_usuario` int(4) NOT NULL,
  `ven_usuariomod` int(4) NOT NULL,
  `ven_deposito` int(3) NOT NULL,
  `ven_cantitems` int(4) NOT NULL,
  `ven_mac` varchar(100) COLLATE utf8_spanish_ci NOT NULL,
  `ven_id` int(11) NOT NULL,
  `ven_ttl_s_dscto` double NOT NULL,
  `ven_descuento` double NOT NULL,
  `ven_gs` double NOT NULL,
  `ven_ps` double NOT NULL,
  `ven_us` double NOT NULL,
  `ven_rs` double NOT NULL,
  PRIMARY KEY (`ven_numero`),
  KEY `ven_cliente` (`ven_cliente`),
  KEY `ven_personal` (`ven_personal`),
  KEY `ven_usuario` (`ven_usuario`),
  KEY `ven_usuariomod` (`ven_usuariomod`)
) ENGINE=InnoDB DEFAULT CHARSET=utf8 COLLATE=utf8_spanish_ci;

--
-- Volcar la base de datos para la tabla `ventas`
--

INSERT INTO `ventas` (`ven_numero`, `ven_factura`, `ven_cliente`, `ven_fecha`, `ven_hora`, `ven_modfecha`, `ven_personal`, `ven_plazocredito`, `ven_fechavence`, `ven_tipoventa`, `ven_totalcosto`, `ven_total`, `ven_totalpzs`, `ven_totalcjs`, `ven_totalqty`, `ven_pagado`, `ven_anulado`, `ven_saldo`, `ven_ultpago`, `ven_totalpago`, `ven_fechapago`, `ven_usuario`, `ven_usuariomod`, `ven_deposito`, `ven_cantitems`, `ven_mac`, `ven_id`, `ven_ttl_s_dscto`, `ven_descuento`, `ven_gs`, `ven_ps`, `ven_us`, `ven_rs`) VALUES
('123', '51', 14, '2019-12-11', '17:20:06', '2019-12-11', 2, 2, '2019-12-22', 1, 1, 1, 1, 1, 1, 1, 1, 0, 1, 1, '2020-11-08', 2, 2, 0, 0, '1', 1, 1, 1, 0, 0, 0, 0),
('19121600002', '0', 13, '2019-12-16', '00:00:00', '2019-12-16', 1, 0, '2019-12-16', 0, 0, 0, 0, 0, 0, 1, 0, 0, 0, 0, '2020-11-08', 2, 2, 0, 0, '0', 2, 0, 0, 0, 0, 0, 0),
('19121600003', '0', 13, '2019-12-16', '00:00:00', '2019-12-16', 1, 0, '2019-12-16', 0, 0, 0, 0, 0, 0, 0, 0, 0, 0, 0, '2019-12-16', 2, 2, 0, 0, '0', 3, 0, 0, 0, 0, 0, 0),
('19121600004', '0', 13, '2019-12-16', '00:00:00', '2019-12-16', 1, 0, '2019-12-16', 0, 0, 0, 0, 0, 0, 0, 0, 0, 0, 0, '2019-12-16', 2, 2, 0, 0, '0', 4, 0, 0, 0, 0, 0, 0),
('19121600005', '0', 13, '2019-12-16', '00:00:00', '2019-12-16', 1, 0, '2019-12-16', 0, 0, 0, 0, 0, 0, 0, 0, 0, 0, 0, '2019-12-16', 2, 2, 0, 0, '0', 5, 0, 0, 0, 0, 0, 0),
('19121600006', '0', 13, '2019-12-16', '00:00:00', '2019-12-16', 1, 0, '2019-12-16', 0, 0, 0, 0, 0, 0, 0, 0, 0, 0, 0, '2019-12-16', 2, 2, 0, 0, '0', 6, 0, 0, 0, 0, 0, 0),
('19121600007', '0', 13, '2019-12-16', '00:00:00', '2019-12-16', 1, 0, '2019-12-16', 0, 0, 0, 0, 0, 0, 0, 0, 0, 0, 0, '2019-12-16', 2, 2, 0, 0, '0', 7, 0, 0, 0, 0, 0, 0),
('19122700008', '0', 13, '2019-12-27', '00:00:00', '2019-12-27', 1, 0, '2019-12-27', 0, 0, 0, 0, 0, 0, 0, 0, 0, 0, 0, '2019-12-27', 2, 2, 0, 0, '0', 8, 0, 0, 0, 0, 0, 0),
('19122700009', '0', 13, '2019-12-27', '00:00:00', '2019-12-27', 1, 0, '2019-12-27', 0, 0, 0, 0, 0, 0, 0, 0, 0, 0, 0, '2019-12-27', 2, 2, 0, 0, '0', 9, 0, 0, 0, 0, 0, 0),
('19122700010', '0', 13, '2019-12-27', '00:00:00', '2019-12-27', 1, 0, '2019-12-27', 0, 0, 0, 0, 0, 0, 0, 0, 0, 0, 0, '2019-12-27', 2, 2, 0, 0, '0', 10, 0, 0, 0, 0, 0, 0),
('19122700011', '45', 13, '2019-12-27', '00:00:00', '2019-12-27', 1, 0, '2019-12-27', 0, 1342176389.02, 28815000, 5, 9, 509, 0, 0, 0, 0, 0, '2019-12-27', 2, 2, 1, 3, '0A-00-27-00-00-11', 11, 28815000, 0, 0, 0, 0, 0),
('19122700012', '', 13, '2019-12-27', '00:00:00', '2019-12-27', 1, 0, '2019-12-27', 0, 2000, 6000, 0, 2, 200, 0, 0, 0, 0, 0, '2019-12-27', 2, 2, 1, 1, '0A-00-27-00-00-11', 12, 6000, 0, 0, 0, 0, 0),
('19122700013', '', 13, '2019-12-27', '00:00:00', '2019-12-27', 1, 0, '2019-12-27', 0, 1043939, 8000000, 0, 5, 50, 0, 0, 0, 0, 0, '2019-12-27', 2, 2, 1, 1, '0A-00-27-00-00-11', 13, 8000000, 0, 0, 0, 0, 0),
('19122700014', '', 13, '2019-12-27', '00:00:00', '2019-12-27', 1, 0, '2019-12-27', 0, 499535.99999999994, 3600000, 0, 10, 100, 0, 0, 0, 0, 0, '2019-12-27', 2, 2, 1, 1, '0A-00-27-00-00-11', 14, 3600000, 0, 0, 0, 0, 0),
('19122700015', '', 13, '2019-12-27', '00:00:00', '2019-12-27', 1, 0, '2019-12-27', 0, 6000, 18000, 0, 6, 600, 0, 0, 0, 0, 0, '2019-12-27', 2, 2, 1, 1, '0A-00-27-00-00-11', 15, 18000, 0, 0, 0, 0, 0),
('19122700016', '0', 13, '2019-12-27', '00:00:00', '2019-12-27', 1, 0, '2019-12-27', 0, 0, 0, 0, 0, 0, 0, 0, 0, 0, 0, '2019-12-27', 2, 2, 0, 0, '0', 16, 0, 0, 0, 0, 0, 0),
('19122700017', '0', 13, '2019-12-27', '00:00:00', '2019-12-27', 1, 0, '2019-12-27', 0, 0, 0, 0, 0, 0, 0, 0, 0, 0, 0, '2019-12-27', 2, 2, 0, 0, '0', 17, 0, 0, 0, 0, 0, 0),
('19122700018', '0', 13, '2019-12-27', '00:00:00', '2019-12-27', 1, 0, '2019-12-27', 0, 0, 0, 0, 0, 0, 0, 0, 0, 0, 0, '2019-12-27', 2, 2, 0, 0, '0', 18, 0, 0, 0, 0, 0, 0),
('19122700019', '0', 13, '2019-12-27', '00:00:00', '2019-12-27', 1, 0, '2019-12-27', 0, 0, 0, 0, 0, 0, 0, 0, 0, 0, 0, '2019-12-27', 2, 2, 0, 0, '0', 19, 0, 0, 0, 0, 0, 0),
('19122700020', '0', 13, '2019-12-27', '00:00:00', '2019-12-27', 1, 0, '2019-12-27', 0, 0, 0, 0, 0, 0, 0, 0, 0, 0, 0, '2019-12-27', 2, 2, 0, 0, '0', 20, 0, 0, 0, 0, 0, 0),
('19122700021', '0', 13, '2019-12-27', '00:00:00', '2019-12-27', 1, 0, '2019-12-27', 0, 0, 0, 0, 0, 0, 0, 0, 0, 0, 0, '2019-12-27', 2, 2, 0, 0, '0', 21, 0, 0, 0, 0, 0, 0),
('19122700022', '0', 13, '2019-12-27', '00:00:00', '2019-12-27', 1, 0, '2019-12-27', 0, 0, 0, 0, 0, 0, 0, 0, 0, 0, 0, '2019-12-27', 2, 2, 0, 0, '0', 22, 0, 0, 0, 0, 0, 0),
('19122700023', '0', 13, '2019-12-27', '00:00:00', '2019-12-27', 1, 0, '2019-12-27', 0, 0, 0, 0, 0, 0, 0, 0, 0, 0, 0, '2019-12-27', 2, 2, 0, 0, '0', 23, 0, 0, 0, 0, 0, 0),
('19122700024', '0', 13, '2019-12-27', '00:00:00', '2019-12-27', 1, 0, '2019-12-27', 0, 0, 0, 0, 0, 0, 0, 0, 0, 0, 0, '2019-12-27', 2, 2, 0, 0, '0', 24, 0, 0, 0, 0, 0, 0),
('19122700025', '0', 13, '2019-12-27', '00:00:00', '2019-12-27', 1, 0, '2019-12-27', 0, 0, 0, 0, 0, 0, 0, 0, 0, 0, 0, '2019-12-27', 2, 2, 0, 0, '0', 25, 0, 0, 0, 0, 0, 0),
('19122700026', '0', 13, '2019-12-27', '00:00:00', '2019-12-27', 1, 0, '2019-12-27', 0, 0, 0, 0, 0, 0, 0, 0, 0, 0, 0, '2019-12-27', 2, 2, 0, 0, '0', 26, 0, 0, 0, 0, 0, 0),
('19122700027', '0', 13, '2019-12-27', '00:00:00', '2019-12-27', 1, 0, '2019-12-27', 0, 0, 0, 0, 0, 0, 0, 0, 0, 0, 0, '2019-12-27', 2, 2, 0, 0, '0', 27, 0, 0, 0, 0, 0, 0),
('19122700028', '0', 13, '2019-12-27', '00:00:00', '2019-12-27', 1, 0, '2019-12-27', 0, 0, 0, 0, 0, 0, 0, 0, 0, 0, 0, '2019-12-27', 2, 2, 0, 0, '0', 28, 0, 0, 0, 0, 0, 0),
('19122700029', '0', 13, '2019-12-27', '00:00:00', '2019-12-27', 1, 0, '2019-12-27', 0, 0, 0, 0, 0, 0, 0, 0, 0, 0, 0, '2019-12-27', 2, 2, 0, 0, '0', 29, 0, 0, 0, 0, 0, 0),
('19122700030', '0', 13, '2019-12-27', '00:00:00', '2019-12-27', 1, 0, '2019-12-27', 0, 0, 0, 0, 0, 0, 0, 0, 0, 0, 0, '2019-12-27', 2, 2, 0, 0, '0', 30, 0, 0, 0, 0, 0, 0),
('19122700031', '0', 13, '2019-12-27', '00:00:00', '2019-12-27', 1, 0, '2019-12-27', 0, 0, 0, 0, 0, 0, 0, 0, 0, 0, 0, '2019-12-27', 2, 2, 0, 0, '0', 31, 0, 0, 0, 0, 0, 0),
('19122700032', '0', 13, '2019-12-27', '00:00:00', '2019-12-27', 1, 0, '2019-12-27', 0, 0, 0, 0, 0, 0, 0, 0, 0, 0, 0, '2019-12-27', 2, 2, 0, 0, '0', 32, 0, 0, 0, 0, 0, 0),
('19122800033', '000777', 13, '2019-12-28', '00:00:00', '2019-12-28', 3, 20, '2020-01-16', 1, 52160127.84, 29328120, 0, 52, 492, 0, 0, 0, 0, 0, '2019-12-28', 2, 2, 1, 3, '0A-00-27-00-00-11', 33, 32586800, 3258680, 0, 0, 0, 0),
('19122800034', '', 13, '2019-12-28', '00:00:00', '2019-12-28', 1, 0, '2019-12-27', 0, 5000, 13095, 0, 5, 500, 0, 0, 0, 0, 0, '2019-12-28', 2, 2, 1, 1, '0A-00-27-00-00-11', 34, 14550, 1455, 0, 0, 0, 0),
('19123100035', '0', 13, '2019-12-31', '00:00:00', '2019-12-31', 1, 0, '2019-12-31', 0, 0, 0, 0, 0, 0, 0, 0, 0, 0, 0, '2019-12-31', 2, 2, 0, 0, '0', 35, 0, 0, 0, 0, 0, 0),
('19123100036', '0', 13, '2019-12-31', '00:00:00', '2019-12-31', 1, 0, '2019-12-31', 0, 0, 0, 0, 0, 0, 0, 0, 0, 0, 0, '2019-12-31', 2, 2, 0, 0, '0', 36, 0, 0, 0, 0, 0, 0),
('19123100037', '0', 13, '2019-12-31', '00:00:00', '2019-12-31', 1, 0, '2019-12-31', 0, 0, 0, 0, 0, 0, 0, 0, 0, 0, 0, '2019-12-31', 2, 2, 0, 0, '0', 37, 0, 0, 0, 0, 0, 0),
('19123100038', '0', 13, '2019-12-31', '00:00:00', '2019-12-31', 1, 0, '2019-12-31', 0, 0, 0, 0, 0, 0, 0, 0, 0, 0, 0, '2019-12-31', 2, 2, 0, 0, '0', 38, 0, 0, 0, 0, 0, 0),
('19123100039', '', 13, '2019-12-31', '00:00:00', '2019-12-31', 1, 0, '2019-12-31', 0, 2500000, 6075000, 0, 50, 50, 0, 0, 0, 0, 0, '2019-12-31', 2, 2, 1, 1, '0A-00-27-00-00-11', 39, 6750000, 675000, 0, 0, 0, 0),
('19123100040', '', 13, '2019-12-31', '00:00:00', '2019-12-31', 1, 0, '2019-12-31', 0, 2000, 5238, 0, 2, 200, 0, 0, 0, 0, 0, '2019-12-31', 2, 2, 1, 1, '0A-00-27-00-00-11', 40, 5820, 582, 0, 0, 0, 0),
('19123100041', '13', 13, '2019-12-31', '00:00:00', '2019-12-31', 1, 0, '2019-12-31', 0, 2500000, 6750000, 0, 50, 50, 0, 0, 0, 0, 0, '2019-12-31', 2, 2, 1, 1, '0A-00-27-00-00-11', 41, 6750000, 0, 0, 0, 0, 0),
('19123100042', '', 13, '2019-12-31', '00:00:00', '2019-12-31', 1, 0, '2019-12-31', 0, 5000, 13095, 0, 5, 500, 0, 0, 0, 0, 0, '2019-12-31', 2, 2, 1, 1, '0A-00-27-00-00-11', 42, 14550, 1455, 0, 0, 0, 0),
('19123100043', '', 13, '2019-12-31', '00:00:00', '2019-12-31', 1, 0, '2019-12-31', 0, 50000, 130950, 0, 50, 5000, 0, 0, 0, 0, 0, '2019-12-31', 2, 2, 1, 1, '0A-00-27-00-00-11', 43, 145500, 14550, 0, 0, 0, 0),
('19123100044', '', 13, '2019-12-31', '00:00:00', '2019-12-31', 1, 0, '2019-12-31', 0, 5000, 13095, 0, 5, 500, 0, 0, 0, 0, 0, '2019-12-31', 2, 2, 1, 1, '0A-00-27-00-00-11', 44, 14550, 1455, 0, 0, 0, 0),
('19123100045', '', 13, '2019-12-31', '00:00:00', '2019-12-31', 1, 0, '2019-12-31', 0, 5000, 13095, 0, 5, 500, 0, 0, 0, 0, 0, '2019-12-31', 2, 2, 1, 1, '0A-00-27-00-00-11', 45, 14550, 1455, 0, 0, 0, 0),
('19123100046', '123', 13, '2019-12-31', '00:00:00', '2019-12-31', 1, 0, '2019-12-31', 0, 5000, 13095, 0, 5, 500, 0, 0, 0, 0, 0, '2019-12-31', 2, 2, 1, 1, '0A-00-27-00-00-11', 46, 14550, 1455, 0, 0, 0, 0),
('19123100047', '', 13, '2019-12-31', '00:00:00', '2019-12-31', 1, 0, '2019-12-31', 0, 5000, 13095, 0, 5, 500, 0, 0, 0, 0, 0, '2019-12-31', 2, 2, 1, 1, '0A-00-27-00-00-11', 47, 14550, 1455, 0, 0, 0, 0),
('19123100048', '', 13, '2019-12-31', '00:00:00', '2019-12-31', 1, 0, '2019-12-31', 0, 5000, 13095, 0, 5, 500, 0, 0, 0, 0, 0, '2019-12-31', 2, 2, 1, 1, '0A-00-27-00-00-11', 48, 14550, 1455, 0, 0, 0, 0),
('19123100049', '', 13, '2019-12-31', '00:00:00', '2019-12-31', 1, 0, '2019-12-31', 0, 2000, 5238, 0, 2, 200, 0, 0, 0, 0, 0, '2019-12-31', 2, 2, 1, 1, '0A-00-27-00-00-11', 49, 5820, 582, 0, 0, 0, 0),
('19123100050', '', 13, '2019-12-31', '00:00:00', '2019-12-31', 1, 0, '2019-12-31', 0, 2000, 5238, 0, 2, 200, 0, 0, 0, 0, 0, '2019-12-31', 2, 2, 1, 1, '0A-00-27-00-00-11', 50, 5820, 582, 0, 0, 0, 0),
('19123100051', '', 13, '2019-12-31', '00:00:00', '2019-12-31', 1, 0, '2019-12-31', 0, 6000, 15714, 0, 6, 600, 0, 0, 0, 0, 0, '2019-12-31', 2, 2, 1, 1, '0A-00-27-00-00-11', 51, 17460, 1746, 0, 0, 0, 0),
('19123100052', '', 13, '2019-12-31', '00:00:00', '2019-12-31', 1, 0, '2019-12-31', 0, 5000, 13095, 0, 5, 500, 0, 0, 0, 0, 0, '2019-12-31', 2, 2, 1, 1, '0A-00-27-00-00-11', 52, 14550, 1455, 0, 0, 0, 0),
('19123100053', '', 13, '2019-12-31', '00:00:00', '2019-12-31', 1, 0, '2019-12-31', 0, 5000, 13095, 0, 5, 500, 0, 0, 0, 0, 0, '2019-12-31', 2, 2, 1, 1, '0A-00-27-00-00-11', 53, 14550, 1455, 0, 0, 0, 0),
('19123100054', '', 13, '2019-12-31', '00:00:00', '2019-12-31', 1, 0, '2019-12-31', 0, 5000, 13095, 0, 5, 500, 0, 0, 0, 0, 0, '2019-12-31', 2, 2, 1, 1, '0A-00-27-00-00-11', 54, 14550, 1455, 0, 0, 0, 0),
('19123100055', '', 13, '2019-12-31', '00:00:00', '2019-12-31', 1, 0, '2019-12-31', 0, 5000, 13095, 0, 5, 500, 0, 0, 0, 0, 0, '2019-12-31', 2, 2, 1, 1, '0A-00-27-00-00-11', 55, 14550, 1455, 0, 0, 0, 0),
('19123100056', '', 13, '2019-12-31', '00:00:00', '2019-12-31', 1, 0, '2019-12-31', 0, 5000, 13095, 0, 5, 500, 0, 0, 0, 0, 0, '2019-12-31', 2, 2, 1, 1, '0A-00-27-00-00-11', 56, 14550, 1455, 0, 0, 0, 0),
('19123100057', '0', 13, '2019-12-31', '00:00:00', '2019-12-31', 1, 0, '2019-12-31', 0, 0, 0, 0, 0, 0, 0, 0, 0, 0, 0, '2019-12-31', 2, 2, 0, 0, '0', 57, 0, 0, 0, 0, 0, 0),
('20010100058', '', 13, '2020-01-01', '00:00:00', '2020-01-01', 1, 0, '2020-01-01', 0, 12000, 31428, 0, 12, 1200, 0, 0, 0, 0, 0, '2020-01-01', 2, 2, 1, 1, '0A-00-27-00-00-11', 58, 34920, 3492, 0, 0, 0, 0),
('20010100059', '', 13, '2020-01-01', '00:00:00', '2020-01-01', 1, 0, '2020-01-01', 0, 60, 157.14, 6, 0, 6, 0, 0, 0, 0, 0, '2020-01-01', 2, 2, 1, 1, '0A-00-27-00-00-11', 59, 174.6, 17.46, 0, 0, 0, 0),
('20010100060', '', 13, '2020-01-01', '00:00:00', '2020-01-01', 1, 0, '2020-01-01', 0, 6000, 15714, 0, 6, 600, 0, 0, 0, 0, 0, '2020-01-01', 2, 2, 1, 1, '0A-00-27-00-00-11', 60, 17460, 1746, 0, 0, 0, 0),
('20010100061', '', 13, '2020-01-01', '00:00:00', '2020-01-01', 1, 0, '2020-01-01', 0, 50, 130.95, 5, 0, 5, 0, 0, 0, 0, 0, '2020-01-01', 2, 2, 1, 1, '0A-00-27-00-00-11', 61, 145.5, 14.55, 0, 0, 0, 0),
('20010100062', '', 13, '2020-01-01', '00:00:00', '2020-01-01', 1, 0, '2020-01-01', 0, 5000, 13095, 0, 5, 500, 0, 0, 0, 0, 0, '2020-01-01', 2, 2, 1, 1, '0A-00-27-00-00-11', 62, 14550, 1455, 0, 0, 0, 0),
('20010100063', '', 13, '2020-01-01', '00:00:00', '2020-01-01', 1, 0, '2020-01-01', 0, 5000, 13095, 0, 5, 500, 0, 0, 0, 0, 0, '2020-01-01', 2, 2, 1, 1, '0A-00-27-00-00-11', 63, 14550, 1455, 0, 0, 0, 0),
('20010100064', '', 13, '2020-01-01', '00:00:00', '2020-01-01', 1, 0, '2020-01-01', 0, 50, 130.95, 5, 0, 5, 0, 0, 0, 0, 0, '2020-01-01', 2, 2, 1, 1, '0A-00-27-00-00-11', 64, 145.5, 14.55, 0, 0, 0, 0),
('20010100065', '', 13, '2020-01-01', '00:00:00', '2020-01-01', 1, 0, '2020-01-01', 0, 5000, 13095, 0, 5, 500, 0, 0, 0, 0, 0, '2020-01-01', 2, 2, 1, 1, '0A-00-27-00-00-11', 65, 14550, 1455, 0, 0, 0, 0),
('20010100066', '0', 13, '2020-01-01', '00:00:00', '2020-01-01', 1, 0, '2020-01-01', 0, 0, 0, 0, 0, 0, 0, 1, 0, 0, 0, '2020-01-01', 2, 2, 0, 0, '0', 66, 0, 0, 0, 0, 0, 0),
('20010200067', '', 14, '2020-01-02', '00:00:00', '2020-01-02', 2, 0, '2020-01-02', 0, 4495824, 27264600, 0, 90, 900, 0, 1, 0, 0, 0, '2020-01-02', 2, 2, 1, 1, '0A-00-27-00-00-11', 67, 27540000, 275400, 0, 0, 0, 0),
('20010200068', '0001', 13, '2020-01-02', '00:00:00', '2020-01-02', 1, 0, '2020-01-02', 0, 15000000, 36450000, 0, 300, 300, 0, 0, 0, 0, 0, '2020-01-02', 2, 2, 1, 1, '0A-00-27-00-00-11', 68, 40500000, 4050000, 0, 0, 0, 0),
('20010200069', '', 13, '2020-01-02', '00:00:00', '2020-01-02', 1, 0, '2020-01-02', 0, 5000000, 12150000, 0, 100, 100, 0, 1, 0, 0, 0, '2020-01-02', 2, 2, 1, 1, '0A-00-27-00-00-11', 69, 13500000, 1350000, 0, 0, 0, 0),
('20010500070', '0', 13, '2020-01-05', '00:00:00', '2020-01-05', 1, 0, '2020-01-05', 0, 0, 0, 0, 0, 0, 0, 0, 0, 0, 0, '2020-01-05', 2, 2, 0, 0, '0', 70, 0, 0, 0, 0, 0, 0),
('20010900071', '0', 13, '2020-01-09', '00:00:00', '2020-01-09', 1, 0, '2020-01-09', 0, 0, 0, 0, 0, 0, 0, 0, 0, 0, 0, '2020-01-09', 2, 2, 0, 0, '0', 71, 0, 0, 0, 0, 0, 0),
('20010900072', '4', 13, '2020-01-09', '00:00:00', '2020-01-09', 1, 0, '2020-01-09', 0, 1000000, 1800000, 0, 2, 2, 1, 1, 0, 0, 0, '2020-01-09', 2, 2, 1, 1, '0A-00-27-00-00-11', 72, 2000000, 200000, 0, 0, 0, 0),
('20011000073', '20', 13, '2020-01-10', '00:00:00', '2020-01-10', 1, 80, '2020-03-30', 1, 5000, 13095, 0, 5, 500, 0, 1, 0, 0, 0, '2020-01-10', 2, 2, 1, 1, '0A-00-27-00-00-11', 73, 14550, 1455, 0, 0, 0, 0),
('20011000074', '0', 13, '2020-01-10', '00:00:00', '2020-01-10', 1, 0, '2020-01-10', 0, 0, 0, 0, 0, 0, 0, 1, 0, 0, 0, '2020-01-10', 2, 2, 0, 0, '0', 74, 0, 0, 0, 0, 0, 0),
('20011000075', '0', 13, '2020-01-10', '00:00:00', '2020-01-10', 1, 0, '2020-01-10', 0, 0, 0, 0, 0, 0, 0, 0, 0, 0, 0, '2020-01-10', 2, 2, 0, 0, '0', 75, 0, 0, 0, 0, 0, 0),
('20011000076', '0', 13, '2020-01-10', '00:00:00', '2020-01-10', 1, 0, '2020-01-10', 0, 0, 0, 0, 0, 0, 0, 1, 0, 0, 0, '2020-01-10', 2, 2, 0, 0, '0', 76, 0, 0, 0, 0, 0, 0),
('20011000077', '0', 13, '2020-01-10', '00:00:00', '2020-01-10', 1, 0, '2020-01-10', 0, 0, 0, 0, 0, 0, 0, 0, 0, 0, 0, '2020-01-10', 2, 2, 0, 0, '0', 77, 0, 0, 0, 0, 0, 0),
('20011000078', '0', 13, '2020-01-10', '00:00:00', '2020-01-10', 1, 0, '2020-01-10', 0, 0, 0, 0, 0, 0, 0, 0, 0, 0, 0, '2020-01-10', 2, 2, 0, 0, '0', 78, 0, 0, 0, 0, 0, 0),
('20011100079', '12', 13, '2020-01-11', '00:00:00', '2020-01-11', 1, 0, '2020-01-10', 0, 162192000, 343728000, 0, 62, 62, 0, 0, 90, 0, 0, '2020-01-11', 2, 2, 5, 1, '0A-00-27-00-00-11', 79, 381920000, 38192000, 0, 0, 0, 0),
('20011600080', '0', 13, '2020-01-16', '00:00:00', '2020-01-16', 1, 0, '2020-01-16', 0, 0, 0, 0, 0, 0, 0, 0, 0, 0, 0, '2020-01-16', 2, 2, 0, 0, '0', 80, 0, 0, 0, 0, 0, 0),
('20011600081', '0', 13, '2020-01-16', '00:00:00', '2020-01-16', 1, 0, '2020-01-16', 0, 0, 0, 0, 0, 0, 0, 0, 0, 0, 0, '2020-01-16', 2, 2, 0, 0, '0', 81, 0, 0, 0, 0, 0, 0),
('20011600082', '0', 13, '2020-01-16', '00:00:00', '2020-01-16', 1, 0, '2020-01-16', 0, 0, 0, 0, 0, 0, 0, 0, 0, 0, 0, '2020-01-16', 2, 2, 0, 0, '0', 82, 0, 0, 0, 0, 0, 0),
('20011600083', '0', 13, '2020-01-16', '00:00:00', '2020-01-16', 1, 0, '2020-01-16', 0, 0, 0, 0, 0, 0, 0, 0, 0, 0, 0, '2020-01-16', 2, 2, 0, 0, '0', 83, 0, 0, 0, 0, 0, 0),
('20011600084', '0', 13, '2020-01-16', '00:00:00', '2020-01-16', 1, 0, '2020-01-16', 0, 0, 0, 0, 0, 0, 0, 0, 0, 0, 0, '2020-01-16', 2, 2, 0, 0, '0', 84, 0, 0, 0, 0, 0, 0),
('20011800085', '21', 13, '2020-01-18', '00:00:00', '2020-01-18', 1, 0, '2020-01-18', 0, 49953.6, 76503.825, 0, 1, 10, 0, 0, 76503.825, 0, 0, '2020-01-18', 2, 2, 1, 1, '0A-00-27-00-00-11', 85, 85004.25, 8500.425, 0, 0, 0, 0),
('20012800086', '0', 13, '2020-01-28', '00:00:00', '2020-01-28', 1, 0, '2020-01-28', 0, 0, 0, 0, 0, 0, 0, 0, 0, 0, 0, '2020-01-28', 2, 2, 0, 0, '0', 86, 0, 0, 0, 0, 0, 0),
('20013000087', '0', 13, '2020-01-30', '00:00:00', '2020-01-30', 1, 0, '2020-01-30', 0, 0, 0, 0, 0, 0, 0, 0, 0, 0, 0, '2020-01-30', 2, 2, 0, 0, '0', 87, 0, 0, 0, 0, 0, 0),
('20013000088', '0', 13, '2020-01-30', '00:00:00', '2020-01-30', 1, 0, '2020-01-30', 0, 0, 0, 0, 0, 0, 0, 0, 0, 0, 0, '2020-01-30', 2, 2, 0, 0, '0', 88, 0, 0, 0, 0, 0, 0),
('20013000089', '0', 13, '2020-01-30', '00:00:00', '2020-01-30', 1, 0, '2020-01-30', 0, 0, 0, 0, 0, 0, 0, 0, 0, 0, 0, '2020-01-30', 2, 2, 0, 0, '0', 89, 0, 0, 0, 0, 0, 0),
('20013000090', '0', 13, '2020-01-30', '00:00:00', '2020-01-30', 1, 0, '2020-01-30', 0, 0, 0, 0, 0, 0, 0, 0, 0, 0, 0, '2020-01-30', 2, 2, 0, 0, '0', 90, 0, 0, 0, 0, 0, 0),
('20020300091', '0', 13, '2020-02-03', '00:00:00', '2020-02-03', 1, 0, '2020-02-03', 0, 0, 0, 0, 0, 0, 0, 0, 0, 0, 0, '2020-02-03', 2, 2, 0, 0, '0', 91, 0, 0, 0, 0, 0, 0),
('20020300092', '0', 13, '2020-02-03', '00:00:00', '2020-02-03', 1, 0, '2020-02-03', 0, 0, 0, 0, 0, 0, 0, 0, 0, 0, 0, '2020-02-03', 2, 2, 0, 0, '0', 92, 0, 0, 0, 0, 0, 0),
('20020300093', '0', 13, '2020-02-03', '00:00:00', '2020-02-03', 1, 0, '2020-02-03', 0, 0, 0, 0, 0, 0, 0, 0, 0, 0, 0, '2020-02-03', 2, 2, 0, 0, '0', 93, 0, 0, 0, 0, 0, 0),
('20020300094', '0', 13, '2020-02-03', '00:00:00', '2020-02-03', 1, 0, '2020-02-03', 0, 0, 0, 0, 0, 0, 0, 0, 0, 0, 0, '2020-02-03', 2, 2, 0, 0, '0', 94, 0, 0, 0, 0, 0, 0),
('20020300095', '0', 13, '2020-02-03', '00:00:00', '2020-02-03', 1, 0, '2020-02-03', 0, 0, 0, 0, 0, 0, 0, 0, 0, 0, 0, '2020-02-03', 2, 2, 0, 0, '0', 95, 0, 0, 0, 0, 0, 0),
('20020300096', '0', 13, '2020-02-03', '00:00:00', '2020-02-03', 1, 0, '2020-02-03', 0, 0, 0, 0, 0, 0, 0, 0, 0, 0, 0, '2020-02-03', 2, 2, 0, 0, '0', 96, 0, 0, 0, 0, 0, 0),
('20020300097', '0', 13, '2020-02-03', '00:00:00', '2020-02-03', 1, 0, '2020-02-03', 0, 0, 0, 0, 0, 0, 0, 0, 0, 0, 0, '2020-02-03', 2, 2, 0, 0, '0', 97, 0, 0, 0, 0, 0, 0),
('20020300098', '0', 13, '2020-02-03', '00:00:00', '2020-02-03', 1, 0, '2020-02-03', 0, 0, 0, 0, 0, 0, 0, 0, 0, 0, 0, '2020-02-03', 2, 2, 0, 0, '0', 98, 0, 0, 0, 0, 0, 0),
('20020300099', '02', 16, '2020-02-03', '00:00:00', '2020-02-03', 1, 0, '2020-02-02', 0, 600000, 3026400, 0, 1, 12, 0, 0, 3026400, 0, 0, '2020-02-03', 2, 2, 1, 1, '0A-00-27-00-00-11', 99, 3026400, 0, 6400, 500, 6540, 1500),
('20020300100', '36', 14, '2020-02-03', '00:00:00', '2020-02-03', 1, 0, '2020-02-03', 0, 49953.6, 302940, 0, 1, 10, 0, 0, 302940, 0, 0, '2020-02-03', 2, 2, 1, 1, '0A-00-27-00-00-11', 100, 306000, 3060, 6400, 500, 6540, 1500),
('20020500101', 'CCC', 18, '2020-02-05', '00:00:00', '2020-02-05', 1, 50, '2020-03-26', 1, 90000000, 78570, 0, 120, 1800, 0, 0, 78570, 0, 0, '2020-02-05', 2, 2, 1, 1, '0A-00-27-00-00-11', 101, 87300, 8730, 1, 70, 6540, 1600),
('20021200102', '0', 14, '2020-02-12', '00:00:00', '2020-02-12', 1, 0, '2020-02-12', 0, 0, 0, 0, 0, 0, 0, 0, 0, 0, 0, '2020-02-12', 2, 2, 0, 0, '0', 102, 0, 0, 1, 70, 6540, 1600),
('20021200103', '0', 14, '2020-02-12', '00:00:00', '2020-02-12', 1, 0, '2020-02-12', 0, 0, 0, 0, 0, 0, 0, 0, 0, 0, 0, '2020-02-12', 2, 2, 0, 0, '0', 103, 0, 0, 1, 70, 6540, 1600),
('20021200104', '0', 14, '2020-02-12', '00:00:00', '2020-02-12', 1, 0, '2020-02-12', 0, 0, 0, 0, 0, 0, 0, 0, 0, 0, 0, '2020-02-12', 2, 2, 0, 0, '0', 104, 0, 0, 1, 70, 6540, 1600),
('20021200105', '0', 14, '2020-02-12', '00:00:00', '2020-02-12', 1, 0, '2020-02-12', 0, 0, 0, 0, 0, 0, 0, 0, 0, 0, 0, '2020-02-12', 2, 2, 0, 0, '0', 105, 0, 0, 1, 70, 6540, 1600),
('20021900106', '0', 14, '2020-02-19', '00:00:00', '2020-02-19', 1, 0, '2020-02-19', 0, 0, 0, 0, 0, 0, 0, 0, 0, 0, 0, '2020-02-19', 2, 2, 0, 0, '0', 106, 0, 0, 1, 70, 6540, 1600),
('20021900107', '5', 14, '2020-02-19', '21:14:58', '2020-02-19', 2, 0, '2020-02-18', 0, 2775000, 16983000, 5, 55, 555, 0, 0, 16983000, 0, 0, '2020-02-19', 2, 2, 1, 1, '0A-00-27-00-00-11', 107, 16983000, 0, 1, 70, 6540, 1600),
('20021900108', '0', 14, '2020-02-19', '00:00:00', '2020-02-19', 1, 0, '2020-02-19', 0, 0, 0, 0, 0, 0, 0, 0, 0, 0, 0, '2020-02-19', 2, 2, 0, 0, '0', 108, 0, 0, 1, 70, 6540, 1600),
('20021900109', '0', 14, '2020-02-19', '00:00:00', '2020-02-19', 1, 0, '2020-02-19', 0, 0, 0, 0, 0, 0, 0, 0, 0, 0, 0, '2020-02-19', 2, 2, 0, 0, '0', 109, 0, 0, 1, 70, 6540, 1600),
('20021900110', '0', 14, '2020-02-19', '00:00:00', '2020-02-19', 1, 0, '2020-02-19', 0, 0, 0, 0, 0, 0, 0, 0, 0, 0, 0, '2020-02-19', 2, 2, 0, 0, '0', 110, 0, 0, 1, 70, 6540, 1600),
('20021900111', '0', 14, '2020-02-19', '00:00:00', '2020-02-19', 1, 0, '2020-02-19', 0, 0, 0, 0, 0, 0, 0, 0, 0, 0, 0, '2020-02-19', 2, 2, 0, 0, '0', 111, 0, 0, 1, 70, 6540, 1600),
('20021900112', '0', 14, '2020-02-19', '00:00:00', '2020-02-19', 1, 0, '2020-02-19', 0, 0, 0, 0, 0, 0, 0, 0, 0, 0, 0, '2020-02-19', 2, 2, 0, 0, '0', 112, 0, 0, 1, 70, 6540, 1600),
('20021900113', '0', 14, '2020-02-19', '00:00:00', '2020-02-19', 1, 0, '2020-02-19', 0, 0, 0, 0, 0, 0, 0, 0, 0, 0, 0, '2020-02-19', 2, 2, 0, 0, '0', 113, 0, 0, 1, 70, 6540, 1600),
('20021900114', '0', 14, '2020-02-19', '00:00:00', '2020-02-19', 1, 0, '2020-02-19', 0, 0, 0, 0, 0, 0, 0, 0, 0, 0, 0, '2020-02-19', 2, 2, 0, 0, '0', 114, 0, 0, 1, 70, 6540, 1600),
('20021900115', '0', 14, '2020-02-19', '00:00:00', '2020-02-19', 1, 0, '2020-02-19', 0, 0, 0, 0, 0, 0, 0, 0, 0, 0, 0, '2020-02-19', 2, 2, 0, 0, '0', 115, 0, 0, 1, 70, 6540, 1600),
('20021900116', '0', 14, '2020-02-19', '00:00:00', '2020-02-19', 1, 0, '2020-02-19', 0, 0, 0, 0, 0, 0, 0, 0, 0, 0, 0, '2020-02-19', 2, 2, 0, 0, '0', 116, 0, 0, 1, 70, 6540, 1600),
('20021900117', '0', 14, '2020-02-19', '00:00:00', '2020-02-19', 1, 0, '2020-02-19', 0, 0, 0, 0, 0, 0, 0, 0, 0, 0, 0, '2020-02-19', 2, 2, 0, 0, '0', 117, 0, 0, 1, 70, 6540, 1600),
('20021900118', '0', 14, '2020-02-19', '00:00:00', '2020-02-19', 1, 0, '2020-02-19', 0, 0, 0, 0, 0, 0, 0, 0, 0, 0, 0, '2020-02-19', 2, 2, 0, 0, '0', 118, 0, 0, 1, 70, 6540, 1600),
('20021900119', '0', 14, '2020-02-19', '00:00:00', '2020-02-19', 1, 0, '2020-02-19', 0, 0, 0, 0, 0, 0, 0, 0, 0, 0, 0, '2020-02-19', 2, 2, 0, 0, '0', 119, 0, 0, 1, 70, 6540, 1600),
('20021900120', '0', 14, '2020-02-19', '00:00:00', '2020-02-19', 1, 0, '2020-02-19', 0, 0, 0, 0, 0, 0, 0, 0, 0, 0, 0, '2020-02-19', 2, 2, 0, 0, '0', 120, 0, 0, 1, 70, 6540, 1600),
('20022000121', '0', 14, '2020-02-20', '00:00:00', '2020-02-20', 1, 0, '2020-02-20', 0, 0, 0, 0, 0, 0, 0, 0, 0, 0, 0, '2020-02-20', 2, 2, 0, 0, '0', 121, 0, 0, 1, 70, 6540, 1600),
('20022000122', '0', 14, '2020-02-20', '00:00:00', '2020-02-20', 1, 0, '2020-02-20', 0, 0, 0, 0, 0, 0, 0, 0, 0, 0, 0, '2020-02-20', 2, 2, 0, 0, '0', 122, 0, 0, 1, 70, 6540, 1600),
('20022000123', '0', 14, '2020-02-20', '00:00:00', '2020-02-20', 1, 0, '2020-02-20', 0, 0, 0, 0, 0, 0, 0, 0, 0, 0, 0, '2020-02-20', 2, 2, 0, 0, '0', 123, 0, 0, 1, 70, 6540, 1600),
('20022000124', '555', 14, '2020-02-20', '00:00:00', '2020-02-20', 1, 0, '2020-02-19', 0, 25000, 151470, 5, 0, 5, 0, 0, 151470, 0, 0, '2020-02-20', 2, 2, 1, 1, '0A-00-27-00-00-11', 124, 153000, 1530, 1, 70, 6540, 1600),
('20022000125', '0', 14, '2020-02-20', '00:00:00', '2020-02-20', 1, 0, '2020-02-20', 0, 0, 0, 0, 0, 0, 0, 0, 0, 0, 0, '2020-02-20', 2, 2, 0, 0, '0', 125, 0, 0, 1, 70, 6540, 1600),
('20022000126', '0', 14, '2020-02-20', '00:00:00', '2020-02-20', 1, 0, '2020-02-20', 0, 0, 0, 0, 0, 0, 0, 0, 0, 0, 0, '2020-02-20', 2, 2, 0, 0, '0', 126, 0, 0, 1, 70, 6540, 1600),
('20022000127', '0', 14, '2020-02-20', '00:00:00', '2020-02-20', 1, 0, '2020-02-20', 0, 0, 0, 0, 0, 0, 0, 1, 0, 0, 0, '2020-02-20', 2, 2, 0, 0, '0', 127, 0, 0, 1, 70, 6540, 1600),
('20022000128', '85', 14, '2020-02-20', '21:10:37', '2020-02-20', 1, 0, '2020-02-19', 0, 50000, 306000, 0, 1, 10, 0, 0, 306000, 0, 0, '2020-02-20', 2, 2, 5, 1, '0A-00-27-00-00-11', 128, 306000, 0, 1, 70, 6540, 1600),
('20031800129', '2', 14, '2020-03-18', '20:47:54', '2020-03-18', 1, 0, '2020-03-17', 0, 150000, 749034, 3, 0, 3, 0, 0, 918000, 0, 0, '2020-03-18', 2, 2, 1, 1, '0A-00-27-00-00-11', 129, 756600, 7566, 1, 70, 6540, 1600),
('20031800130', '3', 14, '2020-03-18', '21:09:39', '2020-03-18', 1, 0, '2020-03-17', 0, 10000, 61200, 2, 0, 2, 0, 0, 61200, 0, 0, '2020-03-18', 2, 2, 5, 1, '0A-00-27-00-00-11', 130, 61200, 0, 1, 70, 6540, 1600),
('20031800131', '0122', 16, '2020-03-18', '22:11:20', '2020-03-18', 2, 0, '2020-03-18', 0, 150000, 145.5, 3, 0, 3, 0, 0, 1455, 0, 0, '2020-03-18', 2, 2, 1, 1, '0A-00-27-00-00-11', 131, 145.5, 0, 1, 70, 6540, 1600),
('20031800132', '0', 14, '2020-03-18', '21:58:11', '2020-03-18', 1, 0, '2020-03-18', 0, 0, 0, 0, 0, 0, 0, 0, 0, 0, 0, '2020-03-18', 2, 2, 0, 0, '0', 132, 0, 0, 1, 70, 6540, 1600),
('20032600133', '0', 14, '2020-03-26', '20:33:21', '2020-03-26', 1, 0, '2020-03-26', 0, 0, 0, 0, 0, 0, 0, 0, 0, 0, 0, '2020-03-26', 2, 2, 0, 0, '0', 133, 0, 0, 1, 70, 6540, 1600),
('20032600134', '313', 14, '2020-03-26', '20:38:15', '2020-03-26', 1, 0, '2020-03-26', 0, 2250000, 2160.675, 0, 3, 45, 0, 0, 2160.675, 0, 0, '2020-03-26', 2, 2, 1, 1, '0A-00-27-00-00-11', 134, 2182.5, 21.825, 1, 70, 6540, 1600),
('20032800135', '0', 14, '2020-03-28', '18:39:41', '2020-03-28', 1, 0, '2020-03-28', 0, 0, 0, 0, 0, 0, 0, 0, 0, 0, 0, '2020-03-28', 2, 2, 0, 0, '0', 135, 0, 0, 1, 70, 6540, 1600),
('20032800136', '288', 18, '2020-03-28', '18:59:39', '2020-03-28', 2, 0, '2020-03-28', 0, 3250000, 19691100, 0, 65, 650, 0, 0, 19691100, 0, 0, '2020-03-28', 2, 2, 1, 1, '0A-00-27-00-00-11', 136, 19890000, 198900, 1, 70, 6540, 1600),
('20032800137', '546546864', 14, '2020-03-28', '20:32:46', '2020-03-28', 1, 0, '2020-03-28', 0, 75000, 534600, 15, 0, 15, 0, 0, 534600, 0, 0, '2020-03-28', 2, 2, 1, 1, '0A-00-27-00-00-11', 137, 540000, 5400, 1, 70, 6540, 1600),
('20032800138', '54651', 16, '2020-03-28', '20:42:24', '2020-03-28', 1, 0, '2020-03-28', 0, 400000, 2448000, 0, 8, 80, 0, 0, 2448000, 0, 0, '2020-03-28', 2, 2, 1, 1, '0A-00-27-00-00-11', 138, 2448000, 0, 1, 70, 6540, 1600),
('20032800139', '651651', 14, '2020-03-28', '20:46:34', '2020-03-28', 1, 0, '2020-03-28', 0, 250000, 1514700, 0, 5, 50, 0, 0, 1514700, 0, 0, '2020-03-28', 2, 2, 1, 1, '0A-00-27-00-00-11', 139, 1530000, 15300, 1, 70, 6540, 1600),
('20032800140', '6546', 14, '2020-03-28', '20:53:08', '2020-03-28', 1, 0, '2020-03-28', 0, 250000, 1514700, 0, 5, 50, 0, 0, 1514700, 0, 0, '2020-03-28', 2, 2, 1, 1, '0A-00-27-00-00-11', 140, 1530000, 15300, 1, 70, 6540, 1600),
('20032800141', '6515', 16, '2020-03-28', '21:04:36', '2020-03-28', 1, 0, '2020-03-28', 0, 300000, 1836000, 0, 6, 60, 0, 0, 1836000, 0, 0, '2020-03-28', 2, 2, 1, 1, '0A-00-27-00-00-11', 141, 1836000, 0, 1, 70, 6540, 1600),
('20040700143', '6262', 14, '2020-04-07', '22:16:41', '2020-04-07', 1, 0, '2020-04-07', 0, 25000, 151470, 5, 0, 5, 0, 0, 151470, 0, 0, '2020-04-07', 2, 2, 1, 1, '0A-00-27-00-00-11', 143, 153000, 1530, 1, 70, 6540, 1600),
('20040700144', '5462', 14, '2020-04-07', '22:48:47', '2020-04-07', 1, 0, '2020-04-07', 0, 2800000, 16964640, 0, 56, 560, 0, 0, 16964640, 0, 0, '2020-04-07', 2, 2, 1, 1, '0A-00-27-00-00-11', 144, 17136000, 171360, 1, 70, 6540, 1600),
('20040700145', '888', 14, '2020-04-07', '23:11:26', '2020-04-07', 1, 0, '2020-04-07', 0, 250000, 1514700, 0, 5, 50, 0, 0, 1514700, 0, 0, '2020-04-07', 2, 2, 1, 1, '0A-00-27-00-00-11', 145, 1530000, 15300, 1, 70, 6540, 1600),
('20040700146', '98+9', 14, '2020-04-07', '23:31:17', '2020-04-07', 1, 0, '2020-04-07', 0, 250000, 1514700, 0, 5, 50, 0, 0, 1514700, 0, 0, '2020-04-07', 2, 2, 1, 1, '0A-00-27-00-00-11', 146, 1530000, 15300, 1, 70, 6540, 1600),
('20040800142', '56', 14, '2020-04-08', '01:45:44', '2020-04-08', 1, 0, '2020-04-08', 0, 250000, 1514700, 0, 5, 50, 0, 0, 1514700, 0, 0, '2020-04-08', 2, 2, 1, 1, '0A-00-27-00-00-11', 142, 1530000, 15300, 1, 70, 6540, 1600),
('20040800147', '545', 14, '2020-04-08', '01:18:34', '2020-04-08', 1, 0, '2020-04-08', 0, 10000, 60588, 2, 0, 2, 0, 0, 60588, 0, 0, '2020-04-08', 2, 2, 1, 1, '0A-00-27-00-00-11', 147, 61200, 612, 1, 70, 6540, 1600),
('20040800148', '23', 14, '2020-04-08', '01:40:46', '2020-04-08', 2, 0, '2020-04-08', 0, 50000, 302940, 0, 1, 10, 0, 0, 302940, 0, 0, '2020-04-08', 2, 2, 1, 1, '0A-00-27-00-00-11', 148, 306000, 3060, 1, 70, 6540, 1600),
('20040800149', '64', 14, '2020-04-08', '01:47:56', '2020-04-08', 1, 0, '2020-04-08', 0, 250000, 1514700, 0, 5, 50, 0, 0, 1514700, 0, 0, '2020-04-08', 2, 2, 1, 1, '0A-00-27-00-00-11', 149, 1530000, 15300, 1, 70, 6540, 1600),
('20040800150', '6514', 14, '2020-04-08', '02:17:13', '2020-04-08', 1, 0, '2020-04-08', 0, 30000, 181764, 6, 0, 6, 0, 0, 181764, 0, 0, '2020-04-08', 2, 2, 1, 1, '0A-00-27-00-00-11', 150, 183600, 1836, 1, 70, 6540, 1600),
('20040800151', '98464', 18, '2020-04-08', '20:03:52', '2020-04-08', 1, 0, '2020-04-08', 0, 150000, 908820, 0, 3, 30, 0, 0, 908820, 0, 0, '2020-04-08', 2, 2, 1, 1, '0A-00-27-00-00-11', 151, 918000, 9180, 1, 70, 6540, 1600),
('20040800152', '565', 14, '2020-04-08', '20:10:35', '2020-04-08', 1, 0, '2020-04-08', 0, 200000, 1211760, 0, 4, 40, 0, 0, 1211760, 0, 0, '2020-04-08', 2, 2, 1, 1, '0A-00-27-00-00-11', 152, 1224000, 12240, 1, 70, 6540, 1600),
('20040900153', '0', 14, '2020-04-09', '18:40:22', '2020-04-09', 1, 0, '2020-04-09', 0, 0, 0, 0, 0, 0, 0, 0, 0, 0, 0, '2020-04-09', 2, 2, 0, 0, '0', 153, 0, 0, 1, 70, 6540, 1600),
('20040900154', '656546', 14, '2020-04-09', '18:40:52', '2020-04-09', 1, 0, '2020-04-09', 0, 250000, 1514700, 0, 5, 50, 0, 0, 1514700, 0, 0, '2020-04-09', 2, 2, 1, 1, '0A-00-27-00-00-11', 154, 1530000, 15300, 1, 70, 6540, 1600),
('20042600155', '33366', 14, '2020-04-26', '16:32:04', '2020-04-26', 1, 0, '2020-04-26', 0, 20000, 121176, 4, 0, 4, 0, 0, 121176, 0, 0, '2020-04-26', 2, 2, 1, 1, '0A-00-27-00-00-11', 155, 122400, 1224, 1, 70, 6540, 1600),
('20050300156', '8298', 14, '2020-05-03', '21:01:05', '2020-05-03', 1, 0, '2020-05-03', 0, 250000, 1514700, 0, 5, 50, 0, 0, 1514700, 0, 0, '2020-05-03', 2, 2, 1, 1, '0A-00-27-00-00-11', 156, 1530000, 15300, 1, 70, 6540, 1600),
('20050300157', '5651', 14, '2020-05-03', '21:03:51', '2020-05-03', 1, 0, '2020-05-03', 0, 50000, 302940, 0, 1, 10, 0, 0, 302940, 0, 0, '2020-05-03', 2, 2, 1, 1, '0A-00-27-00-00-11', 157, 306000, 3060, 1, 70, 6540, 1600),
('20050400158', '65123', 17, '2020-05-04', '10:35:21', '2020-05-04', 2, 0, '2020-05-04', 0, 100000, 612000, 0, 2, 20, 0, 0, 612000, 0, 0, '2020-05-04', 2, 2, 1, 1, '0A-00-27-00-00-11', 158, 612000, 0, 1, 70, 6540, 1600),
('20050400159', '651', 16, '2020-05-04', '10:38:50', '2020-05-04', 1, 0, '2020-05-04', 0, 5000, 30600, 1, 0, 1, 0, 0, 30600, 0, 0, '2020-05-04', 2, 2, 1, 1, '0A-00-27-00-00-11', 159, 30600, 0, 1, 70, 6540, 1600),
('20050400160', '654', 16, '2020-05-04', '10:41:00', '2020-05-04', 2, 0, '2020-05-04', 0, 100000, 612000, 0, 2, 20, 0, 0, 612000, 0, 0, '2020-05-04', 2, 2, 1, 1, '0A-00-27-00-00-11', 160, 612000, 0, 1, 70, 6540, 1600),
('20050400161', '684', 14, '2020-05-04', '10:54:51', '2020-05-04', 1, 0, '2020-05-04', 0, 10000, 60588, 2, 0, 2, 0, 0, 60588, 0, 0, '2020-05-04', 2, 2, 1, 1, '0A-00-27-00-00-11', 161, 61200, 612, 1, 70, 6540, 1600),
('20050400162', '513', 14, '2020-05-04', '10:56:10', '2020-05-04', 1, 0, '2020-05-04', 0, 5000, 30294, 1, 0, 1, 0, 0, 30294, 0, 0, '2020-05-04', 2, 2, 1, 1, '0A-00-27-00-00-11', 162, 30600, 306, 1, 70, 6540, 1600),
('20050400163', '0225', 14, '2020-05-04', '10:58:09', '2020-05-04', 1, 0, '2020-05-04', 0, 5000, 30294, 1, 0, 1, 0, 0, 30294, 0, 0, '2020-05-04', 2, 2, 1, 1, '0A-00-27-00-00-11', 163, 30600, 306, 1, 70, 6540, 1600),
('20050400164', '65165', 14, '2020-05-04', '11:04:39', '2020-05-04', 2, 0, '2020-05-04', 0, 100000, 605880, 0, 2, 20, 0, 0, 605880, 0, 0, '2020-05-04', 2, 2, 1, 1, '0A-00-27-00-00-11', 164, 612000, 6120, 1, 70, 6540, 1600),
('20050400165', '0000225', 14, '2020-05-04', '11:11:11', '2020-05-04', 2, 0, '2020-05-04', 0, 50000, 302940, 0, 1, 10, 0, 0, 302940, 0, 0, '2020-05-04', 2, 2, 1, 1, '0A-00-27-00-00-11', 165, 306000, 3060, 1, 70, 6540, 1600),
('20050400166', '0264651', 14, '2020-05-04', '12:02:25', '2020-05-04', 3, 0, '2020-05-04', 0, 10000, 60588, 2, 0, 2, 0, 0, 60588, 0, 0, '2020-05-04', 2, 2, 1, 1, '0A-00-27-00-00-11', 166, 61200, 612, 1, 70, 6540, 1600),
('20050400167', '026516320', 14, '2020-05-04', '15:50:54', '2020-05-04', 1, 0, '2020-05-04', 0, 100000, 605880, 0, 2, 20, 0, 0, 605880, 0, 0, '2020-05-04', 2, 2, 1, 1, '0A-00-27-00-00-11', 167, 612000, 6120, 1, 70, 6540, 1600),
('20050400168', '284512', 14, '2020-05-04', '15:56:12', '2020-05-04', 1, 0, '2020-05-04', 0, 67200, 99792, 0, 60, 840, 0, 0, 99792, 0, 0, '2020-05-04', 2, 2, 1, 1, '0A-00-27-00-00-11', 168, 100800, 1008, 1, 70, 6540, 1600),
('20050400169', '05120', 16, '2020-05-04', '15:59:33', '2020-05-04', 1, 0, '2020-05-04', 0, 5000, 30600, 1, 0, 1, 0, 0, 30600, 0, 0, '2020-05-04', 2, 2, 1, 1, '0A-00-27-00-00-11', 169, 30600, 0, 1, 70, 6540, 1600),
('20050400170', '350', 14, '2020-05-04', '16:12:58', '2020-05-04', 1, 0, '2020-05-04', 0, 50000, 302940, 0, 1, 10, 0, 0, 302940, 0, 0, '2020-05-04', 2, 2, 1, 1, '0A-00-27-00-00-11', 170, 306000, 3060, 1, 70, 6540, 1600),
('20050400171', '021', 14, '2020-05-04', '16:25:53', '2020-05-04', 1, 0, '2020-05-04', 0, 5000, 30294, 1, 0, 1, 0, 0, 30294, 0, 0, '2020-05-04', 2, 2, 1, 1, '0A-00-27-00-00-11', 171, 30600, 306, 1, 70, 6540, 1600),
('20050400172', '542502', 14, '2020-05-04', '16:45:30', '2020-05-04', 1, 0, '2020-05-04', 0, 5000, 30294, 1, 0, 1, 0, 0, 30294, 0, 0, '2020-05-04', 2, 2, 1, 1, '0A-00-27-00-00-11', 172, 30600, 306, 1, 70, 6540, 1600),
('20050400173', '02520', 14, '2020-05-04', '17:03:33', '2020-05-04', 1, 0, '2020-05-04', 0, 150000, 908820, 0, 3, 30, 0, 0, 908820, 0, 0, '2020-05-04', 2, 2, 1, 1, '0A-00-27-00-00-11', 173, 918000, 9180, 1, 70, 6540, 1600),
('20050400174', '2333223', 14, '2020-05-04', '17:08:26', '2020-05-04', 1, 0, '2020-05-04', 0, 500000, 3029400, 0, 10, 100, 0, 0, 3029400, 0, 0, '2020-05-04', 2, 2, 1, 1, '0A-00-27-00-00-11', 174, 3060000, 30600, 1, 70, 6540, 1600),
('20050400175', '6525', 14, '2020-05-04', '17:21:39', '2020-05-04', 1, 0, '2020-05-04', 0, 100000, 605880, 0, 2, 20, 0, 0, 605880, 0, 0, '2020-05-04', 2, 2, 1, 1, '0A-00-27-00-00-11', 175, 612000, 6120, 1, 70, 6540, 1600),
('20050400176', '0023120', 14, '2020-05-04', '17:27:58', '2020-05-04', 1, 0, '2020-05-04', 0, 250000, 1514700, 0, 5, 50, 0, 0, 1514700, 0, 0, '2020-05-04', 2, 2, 1, 1, '0A-00-27-00-00-11', 176, 1530000, 15300, 1, 70, 6540, 1600),
('20050400177', '5230', 14, '2020-05-04', '17:30:22', '2020-05-04', 1, 0, '2020-05-04', 0, 50000, 302940, 0, 1, 10, 0, 0, 302940, 0, 0, '2020-05-04', 2, 2, 1, 1, '0A-00-27-00-00-11', 177, 306000, 3060, 1, 70, 6540, 1600),
('20050400178', '032106130', 14, '2020-05-04', '17:35:46', '2020-05-04', 1, 0, '2020-05-04', 0, 5000, 30294, 1, 0, 1, 0, 0, 30294, 0, 0, '2020-05-04', 2, 2, 1, 1, '0A-00-27-00-00-11', 178, 30600, 306, 1, 70, 6540, 1600),
('20050400179', '.032103', 14, '2020-05-04', '17:36:43', '2020-05-04', 1, 0, '2020-05-04', 0, 15000, 90882, 3, 0, 3, 0, 0, 90882, 0, 0, '2020-05-04', 2, 2, 1, 1, '0A-00-27-00-00-11', 179, 91800, 918, 1, 70, 6540, 1600),
('20050400180', '132165', 14, '2020-05-04', '18:47:27', '2020-05-04', 1, 0, '2020-05-04', 0, 50000, 302940, 0, 1, 10, 0, 0, 302940, 0, 0, '2020-05-04', 2, 2, 1, 1, '0A-00-27-00-00-11', 180, 306000, 3060, 1, 70, 6540, 1600),
('20050400181', '5616', 14, '2020-05-04', '18:53:28', '2020-05-04', 1, 0, '2020-05-04', 0, 250000, 1514700, 0, 5, 50, 0, 0, 1514700, 0, 0, '2020-05-04', 2, 2, 1, 1, '0A-00-27-00-00-11', 181, 1530000, 15300, 1, 70, 6540, 1600),
('20050400182', '16516', 14, '2020-05-04', '19:30:29', '2020-05-04', 1, 0, '2020-05-04', 0, 100000, 605880, 0, 2, 20, 0, 0, 605880, 0, 0, '2020-05-04', 2, 2, 1, 1, '0A-00-27-00-00-11', 182, 612000, 6120, 1, 70, 6540, 1600),
('20050400183', '326510', 14, '2020-05-04', '19:33:53', '2020-05-04', 1, 0, '2020-05-04', 0, 25000, 151470, 5, 0, 5, 0, 0, 151470, 0, 0, '2020-05-04', 2, 2, 1, 1, '0A-00-27-00-00-11', 183, 153000, 1530, 1, 70, 6540, 1600),
('20050400184', '65120', 14, '2020-05-04', '19:42:31', '2020-05-04', 1, 0, '2020-05-04', 0, 5000, 30600, 1, 0, 1, 0, 0, 30600, 0, 0, '2020-05-04', 2, 2, 1, 1, '0A-00-27-00-00-11', 184, 30600, 0, 1, 70, 6540, 1600),
('20050400185', '8956023.', 14, '2020-05-04', '20:03:47', '2020-05-04', 1, 0, '2020-05-04', 0, 5000, 30600, 1, 0, 1, 0, 0, 30600, 0, 0, '2020-05-04', 2, 2, 1, 1, '0A-00-27-00-00-11', 185, 30600, 0, 1, 70, 6540, 1600),
('20050400186', '85302', 14, '2020-05-04', '21:48:25', '2020-05-04', 1, 0, '2020-05-04', 0, 5000, 30600, 1, 0, 1, 0, 0, 30600, 0, 0, '2020-05-04', 2, 2, 1, 1, '0A-00-27-00-00-11', 186, 30600, 0, 1, 70, 6540, 1600),
('20050400187', '546512', 14, '2020-05-04', '21:58:44', '2020-05-04', 1, 0, '2020-05-04', 0, 5000, 30600, 1, 0, 1, 0, 0, 30600, 0, 0, '2020-05-04', 2, 2, 1, 1, '0A-00-27-00-00-11', 187, 30600, 0, 1, 70, 6540, 1600),
('20050400188', '9802.', 14, '2020-05-04', '22:39:24', '2020-05-04', 1, 0, '2020-05-04', 0, 5000, 30600, 1, 0, 1, 0, 0, 30600, 0, 0, '2020-05-04', 2, 2, 1, 1, '0A-00-27-00-00-11', 188, 30600, 0, 1, 70, 6540, 1600),
('20050400189', '50323641', 14, '2020-05-04', '22:57:48', '2020-05-04', 1, 0, '2020-05-04', 0, 5000, 30600, 1, 0, 1, 0, 0, 30600, 0, 0, '2020-05-04', 2, 2, 1, 1, '0A-00-27-00-00-11', 189, 30600, 0, 1, 70, 6540, 1600),
('20050400190', '56220', 14, '2020-05-04', '22:59:01', '2020-05-04', 1, 0, '2020-05-04', 0, 5000, 30600, 1, 0, 1, 0, 0, 30600, 0, 0, '2020-05-04', 2, 2, 1, 1, '0A-00-27-00-00-11', 190, 30600, 0, 1, 70, 6540, 1600),
('20050400191', '9412', 14, '2020-05-04', '23:02:14', '2020-05-04', 1, 0, '2020-05-04', 0, 5000, 30600, 1, 0, 1, 0, 0, 30600, 0, 0, '2020-05-04', 2, 2, 1, 1, '0A-00-27-00-00-11', 191, 30600, 0, 1, 70, 5000, 1600),
('20050400192', '410', 14, '2020-05-04', '23:20:58', '2020-05-04', 1, 0, '2020-05-04', 0, 5000, 30600, 1, 0, 1, 0, 0, 30600, 0, 0, '2020-05-04', 2, 2, 1, 1, '0A-00-27-00-00-11', 192, 30600, 0, 1, 70, 5000, 1600),
('20050500193', '41520', 14, '2020-05-05', '11:14:25', '2020-05-05', 1, 0, '2020-05-05', 0, 5000, 30600, 1, 0, 1, 0, 0, 30600, 0, 0, '2020-05-05', 2, 2, 1, 1, '0A-00-27-00-00-11', 193, 30600, 0, 1, 70, 5000, 1600),
('20050500194', '0', 14, '2020-05-05', '11:18:36', '2020-05-05', 1, 0, '2020-05-05', 0, 0, 0, 0, 0, 0, 0, 0, 0, 0, 0, '2020-05-05', 2, 2, 0, 0, '0', 194, 0, 0, 1, 70, 5000, 1600),
('20050500195', '741036', 14, '2020-05-05', '11:36:30', '2020-05-05', 1, 0, '2020-05-05', 0, 5000, 30600, 1, 0, 1, 0, 0, 30600, 0, 0, '2020-05-05', 2, 2, 1, 1, '0A-00-27-00-00-11', 195, 30600, 0, 1, 70, 5000, 1600),
('20050500196', 'LKJHGFD', 14, '2020-05-05', '11:43:41', '2020-05-05', 1, 0, '2020-05-05', 0, 5000, 30600, 1, 0, 1, 0, 0, 30600, 0, 0, '2020-05-05', 2, 2, 1, 1, '0A-00-27-00-00-11', 196, 30600, 0, 1, 70, 5000, 1600),
('20050500197', '8465132.0', 14, '2020-05-05', '12:05:38', '2020-05-05', 1, 0, '2020-05-05', 0, 5000, 30600, 1, 0, 1, 0, 0, 30600, 0, 0, '2020-05-05', 2, 2, 1, 1, '0A-00-27-00-00-11', 197, 30600, 0, 1, 70, 5000, 1600),
('20050500198', '8465152', 14, '2020-05-05', '12:09:23', '2020-05-05', 1, 0, '2020-05-05', 0, 5000, 30600, 1, 0, 1, 0, 0, 30600, 0, 0, '2020-05-05', 2, 2, 1, 1, '0A-00-27-00-00-11', 198, 30600, 0, 1, 70, 5000, 1600),
('20050500199', '6546546', 14, '2020-05-05', '12:10:06', '2020-05-05', 1, 0, '2020-05-05', 0, 5000, 30600, 1, 0, 1, 0, 0, 30600, 0, 0, '2020-05-05', 2, 2, 1, 1, '0A-00-27-00-00-11', 199, 30600, 0, 1, 70, 5000, 1600),
('20050500200', '7410', 14, '2020-05-05', '12:24:43', '2020-05-05', 1, 0, '2020-05-05', 0, 5000, 30600, 1, 0, 1, 0, 0, 30600, 0, 0, '2020-05-05', 2, 2, 1, 1, '0A-00-27-00-00-11', 200, 30600, 0, 1, 70, 5000, 1600),
('20050500201', '54120', 14, '2020-05-05', '12:27:10', '2020-05-05', 1, 0, '2020-05-05', 0, 5000, 30600, 1, 0, 1, 0, 0, 30600, 0, 0, '2020-05-05', 2, 2, 1, 1, '0A-00-27-00-00-11', 201, 30600, 0, 1, 70, 5000, 1600),
('20050500202', '8520.', 14, '2020-05-05', '14:52:56', '2020-05-05', 1, 0, '2020-05-05', 0, 250000, 1514700, 0, 5, 50, 0, 0, 1514700, 0, 0, '2020-05-05', 2, 2, 1, 1, '0A-00-27-00-00-11', 202, 1530000, 15300, 1, 70, 5000, 1600),
('20050500203', '8465132', 14, '2020-05-05', '18:00:58', '2020-05-05', 1, 0, '2020-05-05', 0, 20000, 121176, 4, 0, 4, 0, 0, 121176, 0, 0, '2020-05-05', 2, 2, 1, 1, '0A-00-27-00-00-11', 203, 122400, 1224, 1, 70, 5000, 1600),
('20050500204', '85132', 14, '2020-05-05', '19:29:19', '2020-05-05', 1, 0, '2020-05-05', 0, 5000, 30294, 1, 0, 1, 0, 0, 30294, 0, 0, '2020-05-05', 2, 2, 1, 1, '0A-00-27-00-00-11', 204, 30600, 306, 1, 70, 5000, 1600),
('20050500205', '45132', 14, '2020-05-05', '19:38:38', '2020-05-05', 1, 0, '2020-05-05', 0, 40000, 242352, 8, 0, 8, 0, 0, 242352, 0, 0, '2020-05-05', 2, 2, 1, 1, '0A-00-27-00-00-11', 205, 244800, 2448, 1, 70, 5000, 1600),
('20050500206', '8651325', 14, '2020-05-05', '19:49:17', '2020-05-05', 1, 0, '2020-05-05', 0, 10000, 60588, 2, 0, 2, 0, 0, 60588, 0, 0, '2020-05-05', 2, 2, 1, 1, '0A-00-27-00-00-11', 206, 61200, 612, 1, 70, 5000, 1600),
('20050500207', '852', 14, '2020-05-05', '20:33:45', '2020-05-05', 1, 0, '2020-05-05', 0, 5000, 30294, 1, 0, 1, 0, 0, 30294, 0, 0, '2020-05-05', 2, 2, 1, 1, '0A-00-27-00-00-11', 207, 30600, 306, 1, 70, 5000, 1600),
('20050500208', '84651', 14, '2020-05-05', '21:04:59', '2020-05-05', 1, 0, '2020-05-05', 0, 25000, 151470, 5, 0, 5, 1, 0, 0, 152000, 152000, '2020-05-05', 2, 2, 1, 1, '0A-00-27-00-00-11', 208, 153000, 1530, 1, 70, 5000, 1600),
('20050500209', '784651', 14, '2020-05-05', '21:16:26', '2020-05-05', 1, 0, '2020-05-05', 0, 25000, 151470, 5, 0, 5, 1, 0, 0, 200000, 200000, '2020-05-05', 2, 2, 1, 1, '0A-00-27-00-00-11', 209, 153000, 1530, 1, 70, 5000, 1600),
('20050500210', '685132', 14, '2020-05-05', '21:27:59', '2020-05-05', 1, 0, '2020-05-05', 0, 10000, 60588, 2, 0, 2, 1, 0, 0, 500000, 500000, '2020-05-05', 2, 2, 1, 1, '0A-00-27-00-00-11', 210, 61200, 612, 1, 70, 5000, 1600),
('20050500211', '651320.', 14, '2020-05-05', '21:46:19', '2020-05-05', 1, 0, '2020-05-05', 0, 25000, 151470, 5, 0, 5, 0, 0, 151470, 0, 0, '2020-05-05', 2, 2, 1, 1, '0A-00-27-00-00-11', 211, 153000, 1530, 1, 70, 5000, 1600),
('20050500212', '789465', 14, '2020-05-05', '22:40:28', '2020-05-05', 1, 0, '2020-05-05', 0, 20000, 121176, 4, 0, 4, 0, 0, 121176, 0, 0, '2020-05-05', 2, 2, 1, 1, '0A-00-27-00-00-11', 212, 122400, 1224, 1, 70, 5000, 1600),
('20050500213', '456123', 14, '2020-05-05', '22:49:04', '2020-05-05', 1, 0, '2020-05-05', 0, 25000, 151470, 5, 0, 5, 0, 0, 151470, 0, 0, '2020-05-05', 2, 2, 1, 1, '0A-00-27-00-00-11', 213, 153000, 1530, 1, 70, 5000, 1600),
('20050500214', '856132', 14, '2020-05-05', '22:51:23', '2020-05-05', 1, 0, '2020-05-05', 0, 20000, 121176, 4, 0, 4, 1, 0, 0, 522222, 522222, '2020-05-05', 2, 2, 1, 1, '0A-00-27-00-00-11', 214, 122400, 1224, 1, 70, 5000, 1600),
('20050500215', '48651213', 14, '2020-05-05', '22:51:58', '2020-05-05', 1, 0, '2020-05-05', 0, 20000, 121176, 4, 0, 4, 0, 0, 121176, 0, 0, '2020-05-05', 2, 2, 1, 1, '0A-00-27-00-00-11', 215, 122400, 1224, 1, 70, 5000, 1600),
('20050500216', '89456', 14, '2020-05-05', '22:59:14', '2020-05-05', 1, 0, '2020-05-05', 0, 25000, 174636, 5, 0, 5, 0, 0, 174636, 0, 0, '2020-05-05', 2, 2, 1, 1, '0A-00-27-00-00-11', 216, 176400, 1764, 1, 70, 5000, 1600),
('20050500217', '8645132', 14, '2020-05-05', '23:05:53', '2020-05-05', 1, 0, '2020-05-05', 0, 25000, 151470, 5, 0, 5, 0, 0, 151470, 0, 0, '2020-05-05', 2, 2, 1, 1, '0A-00-27-00-00-11', 217, 153000, 1530, 1, 70, 5000, 1600),
('20050500218', '4895612', 14, '2020-05-05', '23:25:59', '2020-05-05', 1, 0, '2020-05-05', 0, 5000, 30294, 1, 0, 1, 0, 0, 30294, 0, 0, '2020-05-05', 2, 2, 1, 1, '0A-00-27-00-00-11', 218, 30600, 306, 1, 70, 5000, 1600),
('20050500219', '6451', 14, '2020-05-05', '23:33:07', '2020-05-05', 1, 0, '2020-05-05', 0, 25000, 151470, 5, 0, 5, 0, 0, 151470, 0, 0, '2020-05-05', 2, 2, 1, 1, '0A-00-27-00-00-11', 219, 153000, 1530, 1, 70, 5000, 1600),
('20050500220', '852554', 14, '2020-05-05', '23:36:32', '2020-05-05', 1, 0, '2020-05-05', 0, 5000, 30294, 1, 0, 1, 0, 0, 30294, 0, 0, '2020-05-05', 2, 2, 1, 1, '0A-00-27-00-00-11', 220, 30600, 306, 1, 70, 5000, 1600),
('20050500221', 'POIUYJHTGR', 14, '2020-05-05', '23:48:24', '2020-05-05', 1, 0, '2020-05-05', 0, 10000, 60588, 2, 0, 2, 0, 0, 60588, 0, 0, '2020-05-05', 2, 2, 1, 1, '0A-00-27-00-00-11', 221, 61200, 612, 1, 70, 5000, 1600),
('20050500222', '512122', 14, '2020-05-05', '23:59:02', '2020-05-05', 1, 0, '2020-05-05', 0, 25000, 151470, 5, 0, 5, 0, 0, 151470, 0, 0, '2020-05-05', 2, 2, 1, 1, '0A-00-27-00-00-11', 222, 153000, 1530, 1, 70, 5000, 1600),
('20050600223', '5132DSD', 14, '2020-05-06', '00:05:34', '2020-05-06', 1, 0, '2020-05-06', 0, 5000, 30600, 1, 0, 1, 1, 0, 0, 30595, 30595, '2020-05-06', 2, 2, 1, 1, '0A-00-27-00-00-11', 223, 30600, 0, 1, 70, 5000, 1600),
('20050600224', 'SDAFD', 14, '2020-05-06', '19:24:46', '2020-05-06', 1, 0, '2020-05-06', 0, 5225000, 157365, 5, 6, 95, 1, 0, 0, 157365, 157365, '2020-05-06', 2, 2, 1, 2, '0A-00-27-00-00-11', 224, 157365, 0, 1, 70, 5000, 1600),
('20050700225', '001-001-001112', 16, '2020-05-07', '10:25:12', '2020-05-07', 1, 0, '2020-05-08', 0, 1200000, 6052800, 0, 2, 24, 0, 0, 6052800, 0, 0, '2020-05-07', 2, 2, 5, 1, '0A-00-27-00-00-11', 225, 6052800, 0, 1, 70, 5000, 1600),
('20050700226', '001-001-005869', 16, '2020-05-07', '10:19:01', '2020-05-07', 2, 0, '2020-05-08', 0, 1200000, 6052800, 0, 2, 24, 0, 0, 6052800, 0, 0, '2020-05-07', 2, 2, 1, 1, '0A-00-27-00-00-11', 226, 6052800, 0, 1, 70, 5000, 1600),
('20050700227', '0', 14, '2020-05-07', '10:19:13', '2020-05-07', 1, 0, '2020-05-07', 0, 0, 0, 0, 0, 0, 0, 0, 0, 0, 0, '2020-05-07', 2, 2, 0, 0, '0', 227, 0, 0, 1, 70, 5000, 1600),
('20050700228', '0', 14, '2020-05-07', '10:19:42', '2020-05-07', 1, 0, '2020-05-07', 0, 0, 0, 0, 0, 0, 0, 0, 0, 0, 0, '2020-05-07', 2, 2, 0, 0, '0', 228, 0, 0, 1, 70, 5000, 1600),
('20050700229', '0', 14, '2020-05-07', '10:20:25', '2020-05-07', 1, 0, '2020-05-07', 0, 0, 0, 0, 0, 0, 0, 0, 0, 0, 0, '2020-05-07', 2, 2, 0, 0, '0', 229, 0, 0, 1, 70, 5000, 1600),
('20050700230', '0001-005', 16, '2020-05-07', '10:26:04', '2020-05-07', 2, 0, '2020-05-07', 0, 1200000, 6052800, 0, 2, 24, 1, 0, 0, 6369970, 6369970, '2020-05-07', 2, 2, 1, 1, '0A-00-27-00-00-11', 230, 6052800, 0, 1, 70, 5000, 1600),
('20050700231', '001-005-0058625', 14, '2020-05-07', '11:10:34', '2020-05-07', 1, 0, '2020-05-07', 0, 50000, 249678, 1, 0, 1, 0, 0, 249678, 0, 0, '2020-05-07', 2, 2, 1, 1, '0A-00-27-00-00-11', 231, 252200, 2522, 1, 70, 5000, 1600),
('20050700232', '001-002-005893', 18, '2020-05-07', '11:12:19', '2020-05-07', 2, 30, '2020-06-06', 1, 1200000, 5992272, 0, 2, 24, 0, 0, 3000000, 2900000, 2900000, '2020-05-07', 2, 2, 1, 1, '0A-00-27-00-00-11', 232, 6052800, 60528, 1, 70, 5000, 1600),
('20050800233', '9865ÑLK', 14, '2020-05-08', '14:57:25', '2020-05-08', 1, 0, '2020-05-08', 0, 25000, 151470, 5, 0, 5, 0, 0, 151470, 0, 0, '2020-05-08', 2, 2, 1, 1, '0A-00-27-00-00-11', 233, 153000, 1530, 1, 70, 5000, 1600),
('20050800234', 'VCCGFVHBJNKM', 14, '2020-05-08', '14:58:47', '2020-05-08', 1, 0, '2020-05-08', 0, 25000, 151470, 5, 0, 5, 0, 0, 151470, 0, 0, '2020-05-08', 2, 2, 1, 1, '0A-00-27-00-00-11', 234, 153000, 1530, 1, 70, 5000, 1600),
('20050800235', 'ASDFA512', 14, '2020-05-08', '15:03:15', '2020-05-08', 1, 0, '2020-05-08', 0, 25000, 151470, 5, 0, 5, 0, 0, 151470, 0, 0, '2020-05-08', 2, 2, 1, 1, '0A-00-27-00-00-11', 235, 153000, 1530, 1, 70, 5000, 1600),
('20050800236', '4516S2DVC', 14, '2020-05-08', '15:08:08', '2020-05-08', 1, 0, '2020-05-08', 0, 10000, 60588, 2, 0, 2, 0, 0, 60588, 0, 0, '2020-05-08', 2, 2, 1, 1, '0A-00-27-00-00-11', 236, 61200, 612, 1, 70, 5000, 1600),
('20050800237', '6541DSSG', 14, '2020-05-08', '15:20:31', '2020-05-08', 1, 0, '2020-05-08', 0, 25000, 151470, 5, 0, 5, 0, 0, 151470, 0, 0, '2020-05-08', 2, 2, 1, 1, '0A-00-27-00-00-11', 237, 153000, 1530, 1, 70, 5000, 1600),
('20050800238', 'RSETDRFTGYHUJ', 14, '2020-05-08', '15:30:31', '2020-05-08', 1, 0, '2020-05-08', 0, 25000, 151470, 5, 0, 5, 0, 0, 151470, 0, 0, '2020-05-08', 2, 2, 1, 1, '0A-00-27-00-00-11', 238, 153000, 1530, 1, 70, 5000, 1600),
('20050800239', 'HNJPO´+}', 14, '2020-05-08', '15:34:42', '2020-05-08', 1, 0, '2020-05-08', 0, 25000, 151470, 5, 0, 5, 0, 0, 151470, 0, 0, '2020-05-08', 2, 2, 1, 1, '0A-00-27-00-00-11', 239, 153000, 1530, 1, 70, 5000, 1600),
('20050800240', '51652', 14, '2020-05-08', '15:40:23', '2020-05-08', 1, 0, '2020-05-08', 0, 25000, 151470, 5, 0, 5, 0, 0, 151470, 0, 0, '2020-05-08', 2, 2, 1, 1, '0A-00-27-00-00-11', 240, 153000, 1530, 1, 70, 5000, 1600),
('20050800241', 'SDFGHJKLÑ+}75', 14, '2020-05-08', '15:47:56', '2020-05-08', 1, 0, '2020-05-08', 0, 100000, 698544, 0, 2, 20, 0, 0, 698544, 0, 0, '2020-05-08', 2, 2, 1, 1, '0A-00-27-00-00-11', 241, 705600, 7056, 1, 70, 5000, 1600),
('20050800242', '845548465', 14, '2020-05-08', '16:02:42', '2020-05-08', 1, 0, '2020-05-08', 0, 25000, 169290, 5, 0, 5, 0, 0, 169290, 0, 0, '2020-05-08', 2, 2, 1, 1, '0A-00-27-00-00-11', 242, 171000, 1710, 1, 70, 5000, 1600),
('20050800243', '54132JKHG', 14, '2020-05-08', '16:09:23', '2020-05-08', 1, 0, '2020-05-08', 0, 25000, 151470, 5, 0, 5, 0, 0, 151470, 0, 0, '2020-05-08', 2, 2, 1, 1, '0A-00-27-00-00-11', 243, 153000, 1530, 1, 70, 5000, 1600),
('20050800244', 'SDFGSDF6G5', 14, '2020-05-08', '16:16:57', '2020-05-08', 1, 0, '2020-05-08', 0, 25000, 151470, 5, 0, 5, 0, 0, 151470, 0, 0, '2020-05-08', 2, 2, 1, 1, '0A-00-27-00-00-11', 244, 153000, 1530, 1, 70, 5000, 1600),
('20050800245', '561SD5F1', 14, '2020-05-08', '16:29:28', '2020-05-08', 1, 0, '2020-05-08', 0, 25000, 151470, 5, 0, 5, 0, 0, 151470, 0, 0, '2020-05-08', 2, 2, 1, 1, '0A-00-27-00-00-11', 245, 153000, 1530, 1, 70, 5000, 1600),
('20050800246', '56151', 14, '2020-05-08', '16:44:13', '2020-05-08', 1, 0, '2020-05-08', 0, 25000, 151470, 5, 0, 5, 0, 0, 151470, 0, 0, '2020-05-08', 2, 2, 1, 1, '0A-00-27-00-00-11', 246, 153000, 1530, 1, 70, 5000, 1600);
INSERT INTO `ventas` (`ven_numero`, `ven_factura`, `ven_cliente`, `ven_fecha`, `ven_hora`, `ven_modfecha`, `ven_personal`, `ven_plazocredito`, `ven_fechavence`, `ven_tipoventa`, `ven_totalcosto`, `ven_total`, `ven_totalpzs`, `ven_totalcjs`, `ven_totalqty`, `ven_pagado`, `ven_anulado`, `ven_saldo`, `ven_ultpago`, `ven_totalpago`, `ven_fechapago`, `ven_usuario`, `ven_usuariomod`, `ven_deposito`, `ven_cantitems`, `ven_mac`, `ven_id`, `ven_ttl_s_dscto`, `ven_descuento`, `ven_gs`, `ven_ps`, `ven_us`, `ven_rs`) VALUES
('20050800247', '4656', 14, '2020-05-08', '16:46:54', '2020-05-08', 1, 0, '2020-05-08', 0, 25000, 151470, 5, 0, 5, 0, 0, 151470, 0, 0, '2020-05-08', 2, 2, 1, 1, '0A-00-27-00-00-11', 247, 153000, 1530, 1, 70, 5000, 1600),
('20050800248', '54654654651', 14, '2020-05-08', '16:52:36', '2020-05-08', 1, 0, '2020-05-08', 0, 25000, 151470, 5, 0, 5, 0, 0, 151470, 0, 0, '2020-05-08', 2, 2, 1, 1, '0A-00-27-00-00-11', 248, 153000, 1530, 1, 70, 5000, 1600),
('20050800249', 'SDAFASD', 14, '2020-05-08', '17:08:05', '2020-05-08', 1, 0, '2020-05-08', 0, 25000, 151470, 5, 0, 5, 0, 0, 151470, 0, 0, '2020-05-08', 2, 2, 1, 1, '0A-00-27-00-00-11', 249, 153000, 1530, 1, 70, 5000, 1600),
('20050800250', 'KLJKHJHGFKNJ', 14, '2020-05-08', '17:24:44', '2020-05-08', 1, 0, '2020-05-08', 0, 100000, 605880, 0, 2, 20, 0, 0, 605880, 0, 0, '2020-05-08', 2, 2, 1, 1, '0A-00-27-00-00-11', 250, 612000, 6120, 1, 70, 5000, 1600),
('20050800251', '84654621', 14, '2020-05-08', '17:27:28', '2020-05-08', 1, 0, '2020-05-08', 0, 25000, 151470, 5, 0, 5, 0, 0, 151470, 0, 0, '2020-05-08', 2, 2, 1, 1, '0A-00-27-00-00-11', 251, 153000, 1530, 1, 70, 5000, 1600),
('20050800252', 'ASDF532', 14, '2020-05-08', '17:47:46', '2020-05-08', 1, 0, '2020-05-08', 0, 250000, 1514700, 0, 5, 50, 0, 0, 1514700, 0, 0, '2020-05-08', 2, 2, 1, 1, '0A-00-27-00-00-11', 252, 1530000, 15300, 1, 70, 5000, 1600),
('20050800253', 'SDFGHUYGVBNM', 14, '2020-05-08', '17:51:36', '2020-05-08', 1, 0, '2020-05-08', 0, 25000, 151470, 5, 0, 5, 1, 0, 0, 35000000, 35000000, '2020-05-08', 2, 2, 1, 1, '0A-00-27-00-00-11', 253, 153000, 1530, 1, 70, 5000, 1600),
('20050800254', 'ASDCVBNJIO', 14, '2020-05-08', '17:58:39', '2020-05-08', 1, 0, '2020-05-08', 0, 25000, 151470, 5, 0, 5, 0, 0, 151470, 0, 0, '2020-05-08', 2, 2, 1, 1, '0A-00-27-00-00-11', 254, 153000, 1530, 1, 70, 5000, 1600),
('20050800255', '846JNLIJN', 14, '2020-05-08', '18:14:37', '2020-05-08', 1, 0, '2020-05-08', 0, 25000, 151470, 5, 0, 5, 0, 0, 151470, 0, 0, '2020-05-08', 2, 2, 1, 1, '0A-00-27-00-00-11', 255, 153000, 1530, 1, 70, 5000, 1600),
('20050800256', 'SD56F1SD5', 14, '2020-05-08', '18:22:07', '2020-05-08', 1, 0, '2020-05-08', 0, 8305330000, 37678014, 6, 10100, 151006, 0, 0, 37678014, 0, 0, '2020-05-08', 2, 2, 1, 2, '0A-00-27-00-00-11', 256, 38058600, 380586, 1, 70, 5000, 1600),
('20050800257', '86532523', 14, '2020-05-08', '18:22:29', '2020-05-08', 1, 0, '2020-05-08', 0, 25000, 151470, 5, 0, 5, 0, 0, 151470, 0, 0, '2020-05-08', 2, 2, 1, 1, '0A-00-27-00-00-11', 257, 153000, 1530, 1, 70, 5000, 1600),
('20050800258', '516321', 14, '2020-05-08', '18:28:28', '2020-05-08', 1, 0, '2020-05-08', 0, 50000000, 302940000, 0, 1000, 10000, 0, 0, 302940000, 0, 0, '2020-05-08', 2, 2, 1, 1, '0A-00-27-00-00-11', 258, 306000000, 3060000, 1, 70, 5000, 1600),
('20050800259', '865132115', 14, '2020-05-08', '18:45:16', '2020-05-08', 1, 0, '2020-05-08', 0, 25000, 151470, 5, 0, 5, 0, 0, 151470, 0, 0, '2020-05-08', 2, 2, 1, 1, '0A-00-27-00-00-11', 259, 153000, 1530, 1, 70, 5000, 1600),
('20050800260', 'S51DFASD23', 14, '2020-05-08', '19:00:49', '2020-05-08', 1, 0, '2020-05-08', 0, 5000000, 30294000, 0, 100, 1000, 0, 0, 30294000, 0, 0, '2020-05-08', 2, 2, 1, 1, '0A-00-27-00-00-11', 260, 30600000, 306000, 1, 70, 5000, 1600),
('20050800261', 'SDAFGNBNVGFG', 14, '2020-05-08', '19:03:38', '2020-05-08', 1, 0, '2020-05-08', 0, 25000, 151470, 5, 0, 5, 0, 0, 151470, 0, 0, '2020-05-08', 2, 2, 1, 1, '0A-00-27-00-00-11', 261, 153000, 1530, 1, 70, 5000, 1600),
('20050800262', 'ASDH5TD15', 14, '2020-05-08', '19:05:10', '2020-05-08', 1, 0, '2020-05-08', 0, 25000, 151470, 5, 0, 5, 0, 0, 151470, 0, 0, '2020-05-08', 2, 2, 1, 1, '0A-00-27-00-00-11', 262, 153000, 1530, 1, 70, 5000, 1600),
('20050800263', '6542SD6FS', 14, '2020-05-08', '19:38:48', '2020-05-08', 1, 0, '2020-05-08', 0, 15000000, 90882000, 0, 300, 3000, 0, 0, 90882000, 0, 0, '2020-05-08', 2, 2, 1, 1, '0A-00-27-00-00-11', 263, 91800000, 918000, 1, 70, 5000, 1600),
('20050800264', '512SDFA', 14, '2020-05-08', '19:41:29', '2020-05-08', 1, 0, '2020-05-08', 0, 25000000, 151470000, 0, 500, 5000, 0, 0, 151470000, 0, 0, '2020-05-08', 2, 2, 1, 1, '0A-00-27-00-00-11', 264, 153000000, 1530000, 1, 70, 5000, 1600),
('20050800265', 'SDFCGVHBNJMK', 14, '2020-05-08', '19:45:52', '2020-05-08', 1, 0, '2020-05-08', 0, 47500000, 287793000, 0, 950, 9500, 0, 0, 287793000, 0, 0, '2020-05-08', 2, 2, 1, 1, '0A-00-27-00-00-11', 265, 290700000, 2907000, 1, 70, 5000, 1600),
('20050800266', 'DCFVGBHNJMDCFGVHBJN', 14, '2020-05-08', '19:46:32', '2020-05-08', 1, 0, '2020-05-08', 0, 50000000, 302940000, 0, 1000, 10000, 0, 0, 302940000, 0, 0, '2020-05-08', 2, 2, 1, 1, '0A-00-27-00-00-11', 266, 306000000, 3060000, 1, 70, 5000, 1600),
('20050800267', '12531', 14, '2020-05-08', '19:46:58', '2020-05-08', 1, 0, '2020-05-08', 0, 49950000, 302637060, 0, 999, 9990, 0, 0, 302637060, 0, 0, '2020-05-08', 2, 2, 1, 1, '0A-00-27-00-00-11', 267, 305694000, 3056940, 1, 70, 5000, 1600),
('20050800268', 'ASFAS6D51F6A5SD', 14, '2020-05-08', '19:49:13', '2020-05-08', 1, 0, '2020-05-08', 0, 54945000, 332900766, 999, 999, 10989, 0, 0, 332900766, 0, 0, '2020-05-08', 2, 2, 1, 1, '0A-00-27-00-00-11', 268, 336263400, 3362634, 1, 70, 5000, 1600),
('20050800269', '512LKJH', 14, '2020-05-08', '20:13:27', '2020-05-08', 1, 0, '2020-05-08', 0, 50450000, 305666460, 100, 999, 10090, 0, 0, 305666460, 0, 0, '2020-05-08', 2, 2, 1, 1, '0A-00-27-00-00-11', 269, 308754000, 3087540, 1, 70, 5000, 1600),
('20050800270', 'DFUJNEJNSLDFK', 14, '2020-05-08', '20:38:01', '2020-05-08', 1, 0, '2020-05-08', 0, 40000, 242352, 8, 0, 8, 0, 0, 242352, 0, 0, '2020-05-08', 2, 2, 1, 1, '0A-00-27-00-00-11', 270, 244800, 2448, 1, 70, 5000, 1600),
('20050800271', 'SDCVGYUJK', 14, '2020-05-08', '20:43:10', '2020-05-08', 1, 0, '2020-05-08', 0, 4995000, 30263706, 999, 0, 999, 0, 1, 30263706, 0, 0, '2020-05-08', 2, 2, 1, 1, '0A-00-27-00-00-11', 271, 30569400, 305694, 1, 70, 5000, 1600),
('20050800272', '845124KL', 14, '2020-05-08', '20:51:46', '2020-05-08', 1, 0, '2020-05-08', 0, 49950000, 302637060, 0, 999, 9990, 0, 1, 302637060, 0, 0, '2020-05-08', 2, 2, 1, 1, '0A-00-27-00-00-11', 272, 305694000, 3056940, 1, 70, 5000, 1600),
('20050800273', '5133SSDD', 14, '2020-05-08', '21:08:27', '2020-05-08', 1, 0, '2020-05-08', 0, 2250000, 13632300, 0, 45, 450, 0, 1, 13632300, 0, 0, '2020-05-08', 2, 2, 1, 1, '0A-00-27-00-00-11', 273, 13770000, 137700, 1, 70, 5000, 1600),
('20050800274', 'SDAF65SD4F5', 14, '2020-05-08', '21:11:12', '2020-05-08', 1, 0, '2020-05-08', 0, 25000, 151470, 5, 0, 5, 0, 0, 151470, 0, 0, '2020-05-08', 2, 2, 1, 1, '0A-00-27-00-00-11', 274, 153000, 1530, 1, 70, 5000, 1600),
('20050800275', 'ASDFASD54', 14, '2020-05-08', '21:15:49', '2020-05-08', 1, 0, '2020-05-08', 0, 25000, 151470, 5, 0, 5, 0, 1, 151470, 0, 0, '2020-05-08', 2, 2, 1, 1, '0A-00-27-00-00-11', 275, 153000, 1530, 1, 70, 5000, 1600),
('20050800276', '65132ÑLMÑK', 14, '2020-05-08', '21:33:13', '2020-05-08', 1, 0, '2020-05-08', 0, 25000, 151470, 5, 0, 5, 0, 0, 151470, 0, 0, '2020-05-08', 2, 2, 1, 1, '0A-00-27-00-00-11', 276, 153000, 1530, 1, 70, 5000, 1600),
('20050800277', 'FCGHJK53', 14, '2020-05-08', '21:45:13', '2020-05-08', 1, 0, '2020-05-08', 0, 30000, 181764, 6, 0, 6, 0, 1, 181764, 0, 0, '2020-05-08', 2, 2, 1, 1, '0A-00-27-00-00-11', 277, 183600, 1836, 1, 70, 5000, 1600),
('20050800278', 'DF5GF5D5FD', 14, '2020-05-08', '21:47:42', '2020-05-08', 1, 0, '2020-05-08', 0, 200000, 1211760, 0, 4, 40, 0, 0, 1211760, 0, 0, '2020-05-08', 2, 2, 1, 1, '0A-00-27-00-00-11', 278, 1224000, 12240, 1, 70, 5000, 1600),
('20050800279', 'SDAFB512D', 14, '2020-05-08', '21:53:29', '2020-05-08', 1, 0, '2020-05-08', 0, 15000, 90882, 3, 0, 3, 0, 0, 90882, 0, 0, '2020-05-08', 2, 2, 1, 1, '0A-00-27-00-00-11', 279, 91800, 918, 1, 70, 5000, 1600),
('20050800280', 'SDFASD+65', 14, '2020-05-08', '22:08:26', '2020-05-08', 1, 0, '2020-05-08', 0, 30000, 181764, 6, 0, 6, 0, 0, 181764, 0, 0, '2020-05-08', 2, 2, 1, 1, '0A-00-27-00-00-11', 280, 183600, 1836, 1, 70, 5000, 1600),
('20050800281', 'KSDKSMDK', 14, '2020-05-08', '22:10:57', '2020-05-08', 1, 0, '2020-05-08', 0, 15000, 90882, 3, 0, 3, 0, 1, 90882, 0, 0, '2020-05-08', 2, 2, 1, 1, '0A-00-27-00-00-11', 281, 91800, 918, 1, 70, 5000, 1600),
('20050800282', 'SD5D5D55D', 14, '2020-05-08', '22:19:43', '2020-05-08', 1, 0, '2020-05-08', 0, 150000, 908820, 0, 3, 30, 0, 0, 908820, 0, 0, '2020-05-08', 2, 2, 1, 1, '0A-00-27-00-00-11', 282, 918000, 9180, 1, 70, 5000, 1600),
('20050800283', 'SDFSDSFS', 14, '2020-05-08', '22:21:28', '2020-05-08', 1, 0, '2020-05-08', 0, 25000, 151470, 5, 0, 5, 0, 0, 151470, 0, 0, '2020-05-08', 2, 2, 1, 1, '0A-00-27-00-00-11', 283, 153000, 1530, 1, 70, 5000, 1600),
('20050800284', 'SDLDLDLD', 14, '2020-05-08', '22:23:56', '2020-05-08', 1, 0, '2020-05-08', 0, 150000, 400950, 3, 0, 3, 0, 0, 400950, 0, 0, '2020-05-08', 2, 2, 1, 1, '0A-00-27-00-00-11', 284, 405000, 4050, 1, 70, 5000, 1600),
('20050800285', 'SDF54DFFD', 14, '2020-05-08', '22:45:59', '2020-05-08', 1, 0, '2020-05-08', 0, 225000, 1363230, 45, 0, 45, 0, 0, 1363230, 0, 0, '2020-05-08', 2, 2, 1, 1, '0A-00-27-00-00-11', 285, 1377000, 13770, 1, 70, 5000, 1600),
('20050800286', '56461', 14, '2020-05-08', '22:46:59', '2020-05-08', 1, 0, '2020-05-08', 0, 25000, 151470, 5, 0, 5, 0, 0, 151470, 0, 0, '2020-05-08', 2, 2, 1, 1, '0A-00-27-00-00-11', 286, 153000, 1530, 1, 70, 5000, 1600),
('20050800287', 'SADF5DS5S62D', 14, '2020-05-08', '22:49:29', '2020-05-08', 1, 0, '2020-05-08', 0, 25000, 151470, 5, 0, 5, 0, 0, 151470, 0, 0, '2020-05-08', 2, 2, 1, 1, '0A-00-27-00-00-11', 287, 153000, 1530, 1, 70, 5000, 1600),
('20050800288', 'SD5D5D7RF', 14, '2020-05-08', '22:52:26', '2020-05-08', 1, 0, '2020-05-08', 0, 15000, 90882, 3, 0, 3, 0, 1, 90882, 0, 0, '2020-05-08', 2, 2, 1, 1, '0A-00-27-00-00-11', 288, 91800, 918, 1, 70, 5000, 1600),
('20050800289', 'SD65DS6S', 14, '2020-05-08', '22:55:02', '2020-05-08', 1, 0, '2020-05-08', 0, 2800000, 16964640, 0, 56, 560, 0, 1, 16964640, 0, 0, '2020-05-08', 2, 2, 1, 1, '0A-00-27-00-00-11', 289, 17136000, 171360, 1, 70, 5000, 1600),
('20050800290', '525', 14, '2020-05-08', '23:03:13', '2020-05-08', 1, 0, '2020-05-08', 0, 20000, 121176, 4, 0, 4, 0, 0, 121176, 0, 0, '2020-05-08', 2, 2, 1, 1, '0A-00-27-00-00-11', 290, 122400, 1224, 1, 70, 5000, 1600),
('20050800291', 'SADF65SD', 14, '2020-05-08', '23:10:25', '2020-05-08', 1, 0, '2020-05-08', 0, 200000, 1211760, 0, 4, 40, 0, 0, 1211760, 0, 0, '2020-05-08', 2, 2, 1, 1, '0A-00-27-00-00-11', 291, 1224000, 12240, 1, 70, 5000, 1600),
('20051000292', 'SDF6SD6S', 14, '2020-05-10', '11:47:49', '2020-05-10', 1, 0, '2020-05-10', 0, 15000, 90882, 3, 0, 3, 0, 0, 90882, 0, 0, '2020-05-10', 2, 2, 1, 1, '0A-00-27-00-00-11', 292, 91800, 918, 1, 70, 5000, 1600),
('20051000293', 'ASSDAF54', 14, '2020-05-10', '12:14:05', '2020-05-10', 1, 0, '2020-05-10', 0, 25000, 151470, 5, 0, 5, 0, 0, 151470, 0, 0, '2020-05-10', 2, 2, 1, 1, '0A-00-27-00-00-11', 293, 153000, 1530, 1, 70, 5000, 1600),
('20051000294', 'SDSDFGSD', 14, '2020-05-10', '12:20:56', '2020-05-10', 1, 0, '2020-05-10', 0, 30000, 181764, 6, 0, 6, 0, 1, 181764, 0, 0, '2020-05-10', 2, 2, 1, 1, '0A-00-27-00-00-11', 294, 183600, 1836, 1, 70, 5000, 1600),
('20051000295', 'DDFDFDFDF', 14, '2020-05-10', '12:22:53', '2020-05-10', 1, 0, '2020-05-10', 0, 25000, 151470, 5, 0, 5, 0, 1, 151470, 0, 0, '2020-05-10', 2, 2, 1, 1, '0A-00-27-00-00-11', 295, 153000, 1530, 1, 70, 5000, 1600),
('20051000296', 'SSDDSDD', 14, '2020-05-10', '12:31:16', '2020-05-10', 1, 0, '2020-05-10', 0, 25000, 151470, 5, 0, 5, 0, 0, 151470, 0, 0, '2020-05-10', 2, 2, 1, 1, '0A-00-27-00-00-11', 296, 153000, 1530, 1, 70, 5000, 1600),
('20051000297', '511SSSS', 14, '2020-05-10', '12:34:50', '2020-05-10', 1, 0, '2020-05-10', 0, 25000, 151470, 5, 0, 5, 0, 0, 151470, 0, 0, '2020-05-10', 2, 2, 1, 1, '0A-00-27-00-00-11', 297, 153000, 1530, 1, 70, 5000, 1600),
('20051000298', 'WEFASDA', 14, '2020-05-10', '12:44:27', '2020-05-10', 1, 0, '2020-05-10', 0, 25000, 151470, 5, 0, 5, 0, 0, 151470, 0, 0, '2020-05-10', 2, 2, 1, 1, '0A-00-27-00-00-11', 298, 153000, 1530, 1, 70, 5000, 1600),
('20051000299', 'SDSDASD', 14, '2020-05-10', '12:46:38', '2020-05-10', 1, 0, '2020-05-10', 0, 25000, 151470, 5, 0, 5, 0, 0, 151470, 0, 0, '2020-05-10', 2, 2, 1, 1, '0A-00-27-00-00-11', 299, 153000, 1530, 1, 70, 5000, 1600),
('20051000300', 'S5S5S55S', 14, '2020-05-10', '12:54:32', '2020-05-10', 1, 0, '2020-05-10', 0, 50000, 302940, 0, 1, 10, 0, 1, 302940, 0, 0, '2020-05-10', 2, 2, 1, 1, '0A-00-27-00-00-11', 300, 306000, 3060, 1, 70, 5000, 1600),
('20051000301', 'SD5DDD1111', 14, '2020-05-10', '12:58:37', '2020-05-10', 1, 0, '2020-05-10', 0, 25000, 151470, 5, 0, 5, 0, 0, 151470, 0, 0, '2020-05-10', 2, 2, 1, 1, '0A-00-27-00-00-11', 301, 153000, 1530, 1, 70, 5000, 1600),
('20051000302', 'HRESDJ', 14, '2020-05-10', '15:32:41', '2020-05-10', 1, 0, '2020-05-10', 0, 25000, 151470, 5, 0, 5, 0, 0, 151470, 0, 0, '2020-05-10', 2, 2, 1, 1, '0A-00-27-00-00-11', 302, 153000, 1530, 1, 70, 5000, 1600),
('20051000303', '5252', 14, '2020-05-10', '15:44:07', '2020-05-10', 1, 0, '2020-05-10', 0, 25000, 151470, 5, 0, 5, 0, 0, 151470, 0, 0, '2020-05-10', 2, 2, 1, 1, '0A-00-27-00-00-11', 303, 153000, 1530, 1, 70, 5000, 1600),
('20051000304', 'SD5D5D55DD', 14, '2020-05-10', '15:51:54', '2020-05-10', 1, 0, '2020-05-10', 0, 25000, 151470, 5, 0, 5, 0, 1, 151470, 0, 0, '2020-05-10', 2, 2, 1, 1, '0A-00-27-00-00-11', 304, 153000, 1530, 1, 70, 5000, 1600),
('20051000305', '2D2D2D2D2D', 14, '2020-05-10', '16:05:38', '2020-05-10', 1, 0, '2020-05-10', 0, 25000, 151470, 5, 0, 5, 0, 0, 151470, 0, 0, '2020-05-10', 2, 2, 1, 1, '0A-00-27-00-00-11', 305, 153000, 1530, 1, 70, 5000, 1600),
('20051000306', 'GGGGGG', 14, '2020-05-10', '16:33:40', '2020-05-10', 1, 0, '2020-05-10', 0, 25000, 151470, 5, 0, 5, 0, 1, 151470, 0, 0, '2020-05-10', 2, 2, 1, 1, '0A-00-27-00-00-11', 306, 153000, 1530, 1, 70, 5000, 1600),
('20051000307', 'D22DD5D5', 14, '2020-05-10', '16:40:49', '2020-05-10', 1, 0, '2020-05-10', 0, 25000, 151470, 5, 0, 5, 0, 0, 151470, 0, 0, '2020-05-10', 2, 2, 1, 1, '0A-00-27-00-00-11', 307, 153000, 1530, 1, 70, 5000, 1600),
('20051000308', 'SDCDCDCD', 14, '2020-05-10', '17:08:26', '2020-05-10', 1, 0, '2020-05-10', 0, 25000, 151470, 5, 0, 5, 0, 0, 151470, 0, 0, '2020-05-10', 2, 2, 1, 1, '0A-00-27-00-00-11', 308, 153000, 1530, 1, 70, 5000, 1600),
('20051000309', 'KKKKKK', 14, '2020-05-10', '19:10:59', '2020-05-10', 1, 0, '2020-05-10', 0, 25000, 151470, 5, 0, 5, 0, 0, 151470, 0, 0, '2020-05-10', 2, 2, 1, 1, '0A-00-27-00-00-11', 309, 153000, 1530, 1, 70, 5000, 1600),
('20051000310', '5SD1DS12', 14, '2020-05-10', '19:18:38', '2020-05-10', 1, 0, '2020-05-10', 0, 25000, 151470, 5, 0, 5, 0, 0, 151470, 0, 0, '2020-05-10', 2, 2, 1, 1, '0A-00-27-00-00-11', 310, 153000, 1530, 1, 70, 5000, 1600),
('20051000311', 'DCFGH', 14, '2020-05-10', '19:35:05', '2020-05-10', 1, 0, '2020-05-10', 0, 25000, 151470, 5, 0, 5, 0, 0, 151470, 0, 0, '2020-05-10', 2, 2, 1, 1, '0A-00-27-00-00-11', 311, 153000, 1530, 1, 70, 5000, 1600),
('20051000312', 'TGJJFDASDFGH', 14, '2020-05-10', '19:40:40', '2020-05-10', 1, 0, '2020-05-10', 0, 25000, 151470, 5, 0, 5, 0, 0, 151470, 0, 0, '2020-05-10', 2, 2, 1, 1, '0A-00-27-00-00-11', 312, 153000, 1530, 1, 70, 5000, 1600),
('20051000313', 'SDDLDLDLDL', 14, '2020-05-10', '19:56:44', '2020-05-10', 1, 0, '2020-05-10', 0, 25000, 151470, 5, 0, 5, 0, 0, 151470, 0, 0, '2020-05-10', 2, 2, 1, 1, '0A-00-27-00-00-11', 313, 153000, 1530, 1, 70, 5000, 1600),
('20051000314', '11111111111', 14, '2020-05-10', '20:00:29', '2020-05-10', 1, 0, '2020-05-10', 0, 25000, 151470, 5, 0, 5, 0, 0, 151470, 0, 0, '2020-05-10', 2, 2, 1, 1, '0A-00-27-00-00-11', 314, 153000, 1530, 1, 70, 5000, 1600),
('20051100315', 'FCVGHJKJHBGV', 14, '2020-05-11', '11:49:54', '2020-05-11', 1, 0, '2020-05-11', 0, 25000, 151470, 5, 0, 5, 1, 0, 0, 151470, 151470, '2020-11-08', 2, 2, 1, 1, '0A-00-27-00-00-11', 315, 153000, 1530, 1, 70, 5000, 1600),
('20051100316', 'SKLDFKSDFKMSDF', 14, '2020-05-11', '12:43:34', '2020-05-11', 1, 0, '2020-05-11', 0, 25000, 151470, 5, 0, 5, 1, 0, 0, 151000, 151000, '2020-05-11', 2, 2, 1, 1, '0A-00-27-00-00-11', 316, 153000, 1530, 1, 70, 5000, 1600),
('20051100317', '654854SDD', 17, '2020-05-11', '15:53:53', '2020-05-11', 1, 0, '2020-05-12', 0, 25000, 153000, 5, 0, 5, 1, 0, 0, 148000, 148000, '2020-05-11', 2, 2, 5, 1, '0A-00-27-00-00-11', 317, 153000, 0, 1, 70, 5000, 1600),
('20051100318', '0656511222', 14, '2020-05-11', '16:30:04', '2020-05-11', 1, 0, '2020-05-12', 0, 25000, 151470, 5, 0, 5, 1, 0, 0, 151470, 151470, '2020-05-11', 2, 2, 5, 1, '0A-00-27-00-00-11', 318, 153000, 1530, 1, 70, 5000, 1600),
('20051100319', '655132165', 16, '2020-05-11', '16:09:11', '2020-05-11', 1, 0, '2020-05-11', 0, 25000, 153000, 5, 0, 5, 1, 0, 0, 153000, 153000, '2020-05-11', 2, 2, 1, 1, '0A-00-27-00-00-11', 319, 153000, 0, 1, 70, 5000, 1600),
('20051100320', '65454', 14, '2020-05-11', '16:25:54', '2020-05-11', 1, 0, '2020-05-12', 0, 25000, 151470, 5, 0, 5, 1, 0, 0, 151470, 151470, '2020-05-11', 2, 2, 5, 1, '0A-00-27-00-00-11', 320, 153000, 1530, 1, 70, 5000, 1600),
('20051100321', '00000022', 14, '2020-05-11', '16:33:31', '2020-05-11', 1, 0, '2020-05-12', 0, 10000, 60588, 2, 0, 2, 1, 0, 0, 60588, 60588, '2020-05-11', 2, 2, 5, 1, '0A-00-27-00-00-11', 321, 61200, 612, 1, 70, 5000, 1600),
('20051100322', '41.', 14, '2020-05-11', '16:38:09', '2020-05-11', 1, 0, '2020-05-12', 0, 25000, 151470, 5, 0, 5, 1, 0, 0, 151470, 151470, '2020-05-11', 2, 2, 5, 1, '0A-00-27-00-00-11', 322, 153000, 1530, 1, 70, 5000, 1600),
('20051100323', '213212', 17, '2020-05-11', '16:40:16', '2020-05-11', 1, 0, '2020-05-11', 0, 25000, 151470, 5, 0, 5, 1, 0, 0, 151470, 151470, '2020-05-11', 2, 2, 1, 1, '0A-00-27-00-00-11', 323, 153000, 1530, 1, 70, 5000, 1600),
('20051100324', '0..2.2.2', 14, '2020-05-11', '16:47:47', '2020-05-11', 1, 0, '2020-05-12', 0, 25000, 151470, 5, 0, 5, 1, 0, 0, 151470, 151470, '2020-05-11', 2, 2, 5, 1, '0A-00-27-00-00-11', 324, 153000, 1530, 1, 70, 5000, 1600),
('20051100325', '6546ER', 14, '2020-05-11', '17:41:27', '2020-05-11', 1, 0, '2020-05-11', 0, 25000, 151470, 5, 0, 5, 1, 0, 0, 151470, 151470, '2020-05-11', 2, 2, 1, 1, '0A-00-27-00-00-11', 325, 153000, 1530, 1, 70, 5000, 1600),
('20051100326', '56SD5S', 14, '2020-05-11', '17:42:47', '2020-05-11', 1, 0, '2020-05-11', 0, 25000, 151470, 5, 0, 5, 0, 0, 151470, 0, 0, '2020-05-11', 2, 2, 1, 1, '0A-00-27-00-00-11', 326, 153000, 1530, 1, 70, 5000, 1600),
('20051100327', 'SDDDSDS', 14, '2020-05-11', '18:04:20', '2020-05-11', 1, 0, '2020-05-11', 0, 30000, 181764, 6, 0, 6, 0, 0, 181764, 0, 0, '2020-05-11', 2, 2, 1, 1, '0A-00-27-00-00-11', 327, 183600, 1836, 1, 70, 5000, 1600),
('20051100328', '5646512', 14, '2020-05-11', '18:05:06', '2020-05-11', 1, 0, '2020-05-11', 0, 25000, 151470, 5, 0, 5, 1, 0, 0, 151470, 151470, '2020-05-11', 2, 2, 1, 1, '0A-00-27-00-00-11', 328, 153000, 1530, 1, 70, 5000, 1600),
('20051100329', 'DFGBHNJMK,L', 14, '2020-05-11', '18:10:30', '2020-05-11', 1, 0, '2020-05-11', 0, 25000, 151470, 5, 0, 5, 1, 0, 0, 151470, 151470, '2020-05-11', 2, 2, 1, 1, '0A-00-27-00-00-11', 329, 153000, 1530, 1, 70, 5000, 1600),
('20051200330', '0', 14, '2020-05-12', '10:11:01', '2020-05-12', 1, 0, '2020-05-12', 0, 0, 0, 0, 0, 0, 0, 0, 0, 0, 0, '2020-05-12', 2, 2, 0, 0, '0', 330, 0, 0, 1, 70, 5000, 1600),
('20051200331', '05555555555555', 14, '2020-05-12', '16:51:28', '2020-05-12', 1, 0, '2020-05-13', 0, 25000, 151470, 5, 0, 5, 1, 0, 0, 151470, 151470, '2020-05-12', 2, 2, 5, 1, '0A-00-27-00-00-11', 331, 153000, 1530, 1, 70, 5000, 1600),
('20051200332', '0', 14, '2020-05-12', '10:14:53', '2020-05-12', 1, 0, '2020-05-12', 0, 0, 0, 0, 0, 0, 0, 0, 0, 0, 0, '2020-05-12', 2, 2, 0, 0, '0', 332, 0, 0, 1, 70, 5000, 1600),
('20051200333', '0', 14, '2020-05-12', '10:47:01', '2020-05-12', 1, 0, '2020-05-12', 0, 0, 0, 0, 0, 0, 0, 0, 0, 0, 0, '2020-05-12', 2, 2, 0, 0, '0', 333, 0, 0, 1, 70, 5000, 1600),
('20051200334', 'SDFGHJ', 14, '2020-05-12', '18:51:22', '2020-05-12', 1, 0, '2020-05-12', 0, 25000, 151470, 5, 0, 5, 1, 0, 0, 151470, 151470, '2020-05-12', 2, 2, 1, 1, '0A-00-27-00-00-11', 334, 153000, 1530, 1, 70, 5000, 1600),
('20051200335', 'KSKDSKSKSDDS', 14, '2020-05-12', '19:02:09', '2020-05-12', 1, 0, '2020-05-12', 0, 25000, 151470, 5, 0, 5, 1, 0, 0, 151470, 151470, '2020-05-12', 2, 2, 1, 1, '0A-00-27-00-00-11', 335, 153000, 1530, 1, 70, 5000, 1600),
('20051200336', 'SDCSSSS', 14, '2020-05-12', '16:50:31', '2020-05-12', 1, 0, '2020-05-12', 0, 30000, 181764, 6, 0, 6, 1, 0, 0, 181764, 181764, '2020-05-12', 2, 2, 1, 1, '0A-00-27-00-00-11', 336, 183600, 1836, 1, 70, 5000, 1600),
('20051900337', '0', 14, '2020-05-19', '11:53:55', '2020-05-19', 1, 0, '2020-05-19', 0, 0, 0, 0, 0, 0, 0, 0, 0, 0, 0, '2020-05-19', 2, 2, 0, 0, '0', 337, 0, 0, 1, 70, 5000, 1600),
('20052100338', 'Z35G1ZD5SF', 14, '2020-05-21', '10:19:42', '2020-05-21', 1, 0, '2020-05-21', 0, 25000, 151470, 5, 0, 5, 1, 0, 0, 151470, 151470, '2020-05-21', 2, 2, 1, 1, '0A-00-27-00-00-11', 338, 153000, 1530, 1, 70, 5000, 1600),
('20052600339', '65631', 14, '2020-05-26', '18:48:39', '2020-05-26', 1, 0, '2020-05-26', 0, 25000, 151470, 5, 0, 5, 1, 0, 0, 151470, 151470, '2020-05-26', 2, 2, 1, 1, '0A-00-27-00-00-11', 339, 153000, 1530, 1, 70, 5000, 1600),
('20052600340', 'ÑÑÑ', 14, '2020-05-26', '18:54:54', '2020-05-26', 1, 0, '2020-05-26', 0, 40000000, 242352000, 0, 800, 8000, 1, 0, 0, 242352000, 242352000, '2020-05-26', 2, 2, 1, 1, '0A-00-27-00-00-11', 340, 244800000, 2448000, 1, 70, 5000, 1600),
('20052600341', '4855555555', 14, '2020-05-26', '19:03:03', '2020-05-26', 1, 0, '2020-05-26', 0, 50000000, 302940000, 0, 1000, 10000, 0, 1, 302940000, 0, 0, '2020-05-26', 2, 2, 1, 1, '0A-00-27-00-00-11', 341, 306000000, 3060000, 1, 70, 5000, 1600),
('20052600342', '4KKOOKO', 14, '2020-05-26', '19:04:01', '2020-05-26', 1, 0, '2020-05-26', 0, 50000000, 302940000, 0, 1000, 10000, 1, 0, 0, 302940000, 302940000, '2020-05-26', 2, 2, 1, 1, '0A-00-27-00-00-11', 342, 306000000, 3060000, 1, 70, 5000, 1600),
('20052600343', '564ÑÑÑ', 14, '2020-05-26', '19:21:36', '2020-05-26', 1, 0, '2020-05-26', 0, 25000000, 151470000, 0, 500, 5000, 0, 1, 151470000, 0, 0, '2020-05-26', 2, 2, 1, 1, '0A-00-27-00-00-11', 343, 153000000, 1530000, 1, 70, 5000, 1600),
('20052600344', '546546', 16, '2020-05-26', '19:24:14', '2020-05-26', 1, 0, '2020-05-26', 0, 100000000, 612000000, 0, 2000, 20000, 0, 1, 612000000, 0, 0, '2020-05-26', 2, 2, 1, 1, '0A-00-27-00-00-11', 344, 612000000, 0, 1, 70, 5000, 1600),
('20052600345', '5155555555', 14, '2020-05-26', '19:33:51', '2020-05-26', 1, 0, '2020-05-26', 0, 250000000, 1514700000, 0, 5000, 50000, 1, 0, 0, 1514700000, 1514700000, '2020-05-26', 2, 2, 1, 1, '0A-00-27-00-00-11', 345, 1530000000, 15300000, 1, 70, 5000, 1600),
('200629V00346', '5252525', 14, '2020-06-29', '00:06:57', '2020-06-29', 1, 0, '2020-06-29', 0, 25000, 151470, 5, 0, 5, 1, 1, 0, 151470, 151470, '2020-07-15', 2, 2, 1, 1, '0A-00-27-00-00-11', 346, 153000, 1530, 1, 70, 5000, 1600),
('200629V00347', '0', 14, '2020-06-29', '00:08:57', '2020-06-29', 1, 0, '2020-06-29', 0, 0, 0, 0, 0, 0, 0, 0, 0, 0, 0, '2020-06-29', 2, 2, 0, 0, '0', 347, 0, 0, 1, 70, 5000, 1600),
('200629V00348', '2226262', 14, '2020-06-29', '00:09:46', '2020-06-29', 1, 0, '2020-06-29', 0, 25000, 151470, 5, 0, 5, 1, 0, 0, 151470, 151470, '2020-06-29', 2, 2, 1, 1, '0A-00-27-00-00-11', 348, 153000, 1530, 1, 70, 5000, 1600),
('200629V00349', '2503', 14, '2020-06-29', '23:16:34', '2020-06-29', 1, 0, '2020-06-29', 0, 10000, 60588, 2, 0, 2, 1, 0, 0, 60588, 60588, '2020-06-29', 2, 2, 1, 1, '0A-00-27-00-00-11', 349, 61200, 612, 1, 70, 5000, 1600),
('200715V00350', '00554', 16, '2020-07-15', '15:42:12', '2020-07-15', 1, 0, '2020-07-15', 0, 4000000, 24480000, 0, 80, 800, 0, 0, 9660000, 14470000, 14820000, '2020-07-17', 2, 2, 1, 1, '0A-00-27-00-00-11', 350, 24480000, 0, 1, 70, 5000, 1600),
('200717V00351', 'SS', 14, '2020-07-17', '23:39:49', '2020-07-17', 1, 0, '2020-07-17', 0, 50, 144.045, 5, 0, 5, 1, 0, 0, 144.04500000000007, 144.04500000000007, '2020-07-17', 2, 2, 1, 1, '0A-00-27-00-00-11', 351, 145.5, 1.455, 1, 70, 5000, 1600),
('200717V00352', '4888', 14, '2020-07-17', '23:40:29', '2020-07-17', 1, 0, '2020-07-17', 0, 9333818.2, 30492000, 5, 0, 5, 0, 0, 10050000, 2416000, 19176000, '2020-08-11', 2, 2, 1, 1, '0A-00-27-00-00-11', 352, 30800000, 308000, 1, 70, 5000, 1600),
('200717V00353', '0', 14, '2020-07-17', '23:41:30', '2020-07-17', 1, 0, '2020-07-17', 0, 0, 0, 0, 0, 0, 0, 0, 0, 0, 0, '2020-07-17', 2, 2, 0, 0, '0', 353, 0, 0, 1, 70, 5000, 1600),
('200717V00354', '6022', 14, '2020-07-17', '23:42:43', '2020-07-17', 1, 0, '2020-07-17', 0, 35000, 212058, 7, 0, 7, 1, 0, 0, 212058, 212058, '2020-07-17', 2, 2, 1, 1, '0A-00-27-00-00-11', 354, 214200, 2142, 1, 70, 5000, 1600),
('200811V00355', '20022', 14, '2020-08-11', '16:47:23', '2020-08-11', 1, 0, '2020-08-11', 0, 1000, 2880.9, 0, 1, 100, 1, 0, 0, 2880.9, 2880.9, '2020-08-11', 2, 2, 1, 1, '0A-00-27-00-00-11', 355, 2910, 29.1, 1, 70, 5000, 1600),
('200812V00356', '0', 14, '2020-08-12', '11:21:02', '2020-08-12', 1, 0, '2020-08-12', 0, 0, 0, 0, 0, 0, 0, 0, 0, 0, 0, '2020-08-12', 2, 2, 0, 0, '0', 356, 0, 0, 1, 70, 5000, 1600),
('200812V00357', '0', 14, '2020-08-12', '11:21:48', '2020-08-12', 1, 0, '2020-08-12', 0, 0, 0, 0, 0, 0, 0, 0, 0, 0, 0, '2020-08-12', 2, 2, 0, 0, '0', 357, 0, 0, 1, 70, 5000, 1600),
('200812V00358', '6513215315', 14, '2020-08-12', '11:22:29', '2020-08-12', 1, 0, '2020-08-12', 0, 251979.59999999998, 768240, 5, 0, 5, 1, 0, 0, 768240, 768240, '2020-08-12', 2, 2, 1, 1, '0A-00-27-00-00-11', 358, 776000, 7760, 1, 70, 5000, 1600),
('201108V00359', '5554312', 14, '2020-11-08', '13:20:36', '2020-11-08', 1, 0, '2020-11-08', 0, 1023132.48, 1498068, 12, 0, 12, 1, 0, 0, 1498068, 1498068, '2020-11-08', 2, 2, 1, 1, '0A-00-27-00-00-0E', 359, 1513200, 15132, 1, 70, 5000, 1600),
('201108V00360', '636', 17, '2020-11-08', '13:21:19', '2020-11-08', 2, 0, '2020-11-08', 0, 50000, 135000, 1, 0, 1, 1, 0, 0, 135000, 135000, '2020-11-08', 2, 2, 1, 1, '0A-00-27-00-00-0E', 360, 135000, 0, 1, 70, 5000, 1600),
('201109V00361', '0071', 14, '2020-11-09', '09:15:40', '2020-11-09', 1, 0, '2020-11-09', 0, 500, 1500, 50, 0, 50, 1, 0, 0, 1500, 1500, '2020-11-09', 2, 2, 1, 1, '0A-00-27-00-00-0E', 361, 1500, 0, 1, 70, 5000, 1600),
('201110V00362', '110011', 17, '2020-11-10', '22:25:24', '2020-11-10', 1, 0, '2020-11-10', 0, 750000, 945750, 0, 1, 15, 1, 0, 0, 945750, 945750, '2020-11-10', 2, 2, 1, 1, '0A-00-27-00-00-0E', 362, 945750, 0, 1, 70, 5000, 1600),
('201116V00363', '555DDD', 14, '2020-11-16', '11:48:11', '2020-11-16', 1, 0, '2020-11-16', 0, 10000, 29000, 0, 10, 1000, 1, 0, 0, 29000, 29000, '2020-11-16', 2, 2, 1, 1, '0A-00-27-00-00-0E', 363, 29100, 100, 1, 70, 5000, 1600),
('210106V00364', '65465', 14, '2021-01-06', '09:43:57', '2021-01-06', 1, 0, '2021-01-06', 0, 11200, 16632, 0, 10, 140, 1, 0, 0, 16632, 16632, '2021-01-06', 2, 2, 1, 1, '0A-00-27-00-00-0E', 364, 16800, 168, 1, 70, 5000, 1600),
('210321V00365', '0', 14, '2021-03-21', '11:13:58', '2021-03-21', 1, 0, '2021-03-21', 0, 0, 0, 0, 0, 0, 0, 0, 0, 0, 0, '2021-03-21', 2, 2, 0, 0, '0', 365, 0, 0, 1, 70, 5000, 1600);

-- --------------------------------------------------------

--
-- Estructura de tabla para la tabla `venta_detalle`
--

CREATE TABLE IF NOT EXISTS `venta_detalle` (
  `vend_id` int(11) NOT NULL AUTO_INCREMENT,
  `vend_nroventa` varchar(20) COLLATE utf8_spanish_ci NOT NULL,
  `vend_codproducto` varchar(20) COLLATE utf8_spanish_ci NOT NULL,
  `vend_prodDescripcion` varchar(150) COLLATE utf8_spanish_ci NOT NULL,
  `vend_empaque` double NOT NULL,
  `vend_cajas` double NOT NULL,
  `vend_piezas` double NOT NULL,
  `vend_qty` double NOT NULL,
  `vend_precio` double NOT NULL,
  `vend_costomedio` double NOT NULL,
  `vend_stockOLD` double NOT NULL,
  `vend_subtotal` double NOT NULL,
  `vend_precio1` double NOT NULL,
  `vend_precio2` double NOT NULL,
  `vend_precio3` double NOT NULL,
  `vend_descuento` int(11) NOT NULL,
  `vend_deposito` int(5) NOT NULL,
  PRIMARY KEY (`vend_id`),
  KEY `vend_nroventa` (`vend_nroventa`),
  KEY `vend_codproducto` (`vend_codproducto`)
) ENGINE=InnoDB  DEFAULT CHARSET=utf8 COLLATE=utf8_spanish_ci AUTO_INCREMENT=936 ;

--
-- Volcar la base de datos para la tabla `venta_detalle`
--

INSERT INTO `venta_detalle` (`vend_id`, `vend_nroventa`, `vend_codproducto`, `vend_prodDescripcion`, `vend_empaque`, `vend_cajas`, `vend_piezas`, `vend_qty`, `vend_precio`, `vend_costomedio`, `vend_stockOLD`, `vend_subtotal`, `vend_precio1`, `vend_precio2`, `vend_precio3`, `vend_descuento`, `vend_deposito`) VALUES
(641, '123', '585', '123', 123, 123, 123, 123, 123, 123, 123, 123, 123, 123, 123, 123, 1),
(642, '19122700011', '669', 'TESTE HUAWEI P30', 1, 4, 0, 4, 7000000, 2616000, 125, 28000000, 6000000, 6500000, 7000000, 10, 1),
(643, '19122700011', '6546', 'PAJARRACOS', 10, 0, 5, 5, 160000, 20878.78, 909, 800000, 70000, 100000, 160000, 0, 1),
(644, '19122700011', '000', 'PERRO', 100, 5, 0, 500, 30, 10, 1144, 15000, 30, 30, 30, 0, 1),
(645, '19122700012', '000', 'PERRO', 100, 2, 0, 200, 30, 10, 644, 6000, 30, 30, 30, 10, 1),
(646, '19122700013', '6546', 'PAJARRACOS', 10, 5, 0, 50, 160000, 20878.78, 904, 8000000, 70000, 100000, 160000, 0, 1),
(647, '19122700014', 'AGN313', 'CAMARA', 10, 10, 0, 100, 36000, 4995.36, 9163, 3600000, 5000, 10000, 36000, 5, 1),
(648, '19122700015', '000', 'PERRO', 100, 6, 0, 600, 30, 10, 444, 18000, 30, 30, 30, 0, 1),
(649, '19122800033', '6546', 'PAJARRACOS', 10, 20, 0, 200, 160000, 20878.78, 854, 31040000, 70000, 100000, 160000, 3, 1),
(650, '19122800033', 'AAA111', 'LICUADORA', 1, 12, 0, 12, 130000, 85057.74, 157, 1513200, 110000, 120000, 130000, 3, 1),
(651, '19122800033', '585', 'TELEFONO SSD JJK', 14, 20, 0, 280, 120, 80, 73, 33600, 100, 110, 120, 0, 1),
(652, '19122800034', '000', 'PERRO', 100, 5, 0, 500, 30, 10, -156, 14550, 30, 30, 30, 3, 1),
(653, '19123100039', 'CACA001', 'JAULA PARA LORO', 1, 50, 0, 50, 150000, 50000, 100, 6750000, 100000, 100000, 150000, 10, 1),
(654, '19123100040', '000', 'PERRO', 100, 2, 0, 200, 30, 10, -656, 5820, 30, 30, 30, 3, 1),
(655, '19123100041', 'CACA001', 'JAULA PARA LORO', 1, 50, 0, 50, 150000, 50000, 50, 6750000, 100000, 100000, 150000, 10, 1),
(656, '19123100042', '000', 'PERRO', 100, 5, 0, 500, 30, 10, -856, 14550, 30, 30, 30, 3, 1),
(657, '19123100043', '000', 'PERRO', 100, 50, 0, 5000, 30, 10, -1356, 145500, 30, 30, 30, 3, 1),
(658, '19123100044', '000', 'PERRO', 100, 5, 0, 500, 30, 10, -6356, 14550, 30, 30, 30, 3, 1),
(659, '19123100045', '000', 'PERRO', 100, 5, 0, 500, 30, 10, -6856, 14550, 30, 30, 30, 3, 1),
(660, '19123100046', '000', 'PERRO', 100, 5, 0, 500, 30, 10, -7356, 14550, 30, 30, 30, 3, 1),
(661, '19123100047', '000', 'PERRO', 100, 5, 0, 500, 30, 10, -7856, 14550, 30, 30, 30, 3, 1),
(662, '19123100048', '000', 'PERRO', 100, 5, 0, 500, 30, 10, -8356, 14550, 30, 30, 30, 3, 1),
(663, '19123100049', '000', 'PERRO', 100, 2, 0, 200, 30, 10, -8856, 5820, 30, 30, 30, 3, 1),
(664, '19123100050', '000', 'PERRO', 100, 2, 0, 200, 30, 10, -9056, 5820, 30, 30, 30, 3, 1),
(665, '19123100051', '000', 'PERRO', 100, 6, 0, 600, 30, 10, -9256, 17460, 30, 30, 30, 3, 1),
(666, '19123100052', '000', 'PERRO', 100, 5, 0, 500, 30, 10, -9856, 14550, 30, 30, 30, 3, 1),
(667, '19123100053', '000', 'PERRO', 100, 5, 0, 500, 30, 10, -10356, 14550, 30, 30, 30, 3, 1),
(668, '19123100054', '000', 'PERRO', 100, 5, 0, 500, 30, 10, -10856, 14550, 30, 30, 30, 3, 1),
(669, '19123100055', '000', 'PERRO', 100, 5, 0, 500, 30, 10, -11356, 14550, 30, 30, 30, 3, 1),
(670, '19123100056', '000', 'PERRO', 100, 5, 0, 500, 30, 10, -11856, 14550, 30, 30, 30, 3, 1),
(671, '20010100058', '000', 'PERRO', 100, 12, 0, 1200, 30, 10, -12350, 34920, 30, 30, 30, 3, 1),
(672, '20010100059', '000', 'PERRO', 100, 0, 6, 6, 30, 10, -13550, 174.6, 30, 30, 30, 3, 1),
(673, '20010100060', '000', 'PERRO', 100, 6, 0, 600, 30, 10, -13556, 17460, 30, 30, 30, 3, 1),
(674, '20010100061', '000', 'PERRO', 100, 0, 5, 5, 30, 10, -14156, 145.5, 30, 30, 30, 3, 1),
(675, '20010100062', '000', 'PERRO', 100, 5, 0, 500, 30, 10, -14161, 14550, 30, 30, 30, 3, 1),
(676, '20010100063', '000', 'PERRO', 100, 5, 0, 500, 30, 10, -14661, 14550, 30, 30, 30, 3, 1),
(677, '20010100064', '000', 'PERRO', 100, 0, 5, 5, 30, 10, -15161, 145.5, 30, 30, 30, 3, 1),
(678, '20010100065', '000', 'PERRO', 100, 5, 0, 500, 30, 10, -15166, 14550, 30, 30, 30, 3, 1),
(679, '20010200067', 'AGN313', 'CAMARA', 10, 90, 0, 900, 36000, 4995.36, 9063, 27540000, 5000, 10000, 36000, 15, 1),
(680, '20010200068', 'CACA001', 'JAULA PARA LORO', 1, 300, 0, 300, 150000, 50000, 300, 40500000, 100000, 100000, 150000, 10, 1),
(681, '20010200069', 'CACA001', 'JAULA PARA LORO', 1, 100, 0, 100, 150000, 50000, 100, 13500000, 100000, 100000, 150000, 10, 1),
(682, '20010900072', 'UUU202', 'LLANTA DE TRASBORDADOR ESPACIAL', 1, 2, 0, 2, 1000000, 500000, 0, 2000000, 2000000, 1500000, 1000000, 0, 1),
(683, '20011000073', '000', 'PERRO', 100, 5, 0, 500, 30, 10, -15666, 14550, 30, 30, 30, 3, 1),
(688, '20011100079', '669', 'TESTE HUAWEI P30', 1, 62, 0, 62, 7000000, 2616000, 121, 381920000, 6000000, 6500000, 7000000, 12, 5),
(689, '20011800085', 'AGN313', 'CAMARA', 10, 1, 0, 10, 10000.5, 4995.36, 9063, 85004.25, 5000, 10000.5, 36000, 15, 1),
(691, '20020300099', 'LLL111', 'PALETA LAVADORA', 12, 1, 0, 12, 260000, 50000, 102, 3026400, 600000, 540000, 260000, 3, 1),
(692, '20020300100', 'AGN313', 'CAMARA', 10, 1, 0, 10, 36000, 4995.36, 9053, 306000, 5000, 10000.5, 36000, 15, 1),
(693, '20020500101', 'WWE777', 'PLANCHA ELECTRICA', 15, 120, 0, 1800, 50, 50000, 485, 87300, 50, 50, 50, 3, 1),
(697, '20022000124', 'AGN313', 'CAMARA', 10, 0, 5, 5, 36000, 5000, 8548, 153000, 5000, 10000.5, 36000, 15, 1),
(703, '20031800129', 'LLL111', 'PALETA LAVADORA', 12, 0, 3, 3, 260000, 50000, 90, 756600, 600000, 540000, 260000, 3, 1),
(704, '20031800130', 'AGN313', 'CAMARA', 10, 0, 2, 2, 36000, 5000, 8543, 61200, 5000, 10000.5, 36000, 15, 5),
(705, '20022000128', 'AGN313', 'CAMARA', 10, 1, 0, 10, 36000, 5000, 8541, 306000, 5000, 10000.5, 36000, 15, 5),
(707, '20021900107', 'AGN313', 'CAMARA', 10, 55, 5, 555, 36000, 5000, 9086, 16983000, 5000, 10000.5, 36000, 15, 1),
(713, '20031800131', 'WWE777', 'PLANCHA ELECTRICA', 15, 0, 3, 3, 50, 50000, -1315, 145.5, 50, 50, 50, 3, 1),
(714, '20032600134', 'WWE777', 'PLANCHA ELECTRICA', 15, 3, 0, 45, 50, 50000, -1318, 2182.5, 50, 50, 50, 3, 1),
(715, '20032800136', 'AGN313', 'CAMARA', 10, 65, 0, 650, 36000, 5000, 8531, 19890000, 5000, 10000.5, 36000, 15, 1),
(716, '20032800137', 'AGN313', 'CAMARA', 10, 0, 15, 15, 36000, 5000, 7881, 540000, 5000, 10000.5, 36000, 0, 1),
(717, '20032800138', 'AGN313', 'CAMARA', 10, 8, 0, 80, 36000, 5000, 7866, 2448000, 5000, 10000.5, 36000, 15, 1),
(718, '20032800139', 'AGN313', 'CAMARA', 10, 5, 0, 50, 36000, 5000, 7786, 1530000, 5000, 10000.5, 36000, 15, 1),
(719, '20032800140', 'AGN313', 'CAMARA', 10, 5, 0, 50, 36000, 5000, 7736, 1530000, 5000, 10000.5, 36000, 15, 1),
(720, '20032800141', 'AGN313', 'CAMARA', 10, 6, 0, 60, 36000, 5000, 7686, 1836000, 5000, 10000.5, 36000, 15, 1),
(721, '20040800142', 'AGN313', 'CAMARA', 10, 5, 0, 50, 36000, 5000, 7626, 1530000, 5000, 10000.5, 36000, 15, 1),
(722, '20040700143', 'AGN313', 'CAMARA', 10, 0, 5, 5, 36000, 5000, 7576, 153000, 5000, 10000.5, 36000, 15, 1),
(723, '20040700144', 'AGN313', 'CAMARA', 10, 56, 0, 560, 36000, 5000, 7571, 17136000, 5000, 10000.5, 36000, 15, 1),
(724, '20040700145', 'AGN313', 'CAMARA', 10, 5, 0, 50, 36000, 5000, 7011, 1530000, 5000, 10000.5, 36000, 15, 1),
(725, '20040700146', 'AGN313', 'CAMARA', 10, 5, 0, 50, 36000, 5000, 6961, 1530000, 5000, 10000.5, 36000, 15, 1),
(726, '20040800147', 'AGN313', 'CAMARA', 10, 0, 2, 2, 36000, 5000, 6911, 61200, 5000, 10000.5, 36000, 15, 1),
(727, '20040800148', 'AGN313', 'CAMARA', 10, 1, 0, 10, 36000, 5000, 6909, 306000, 5000, 10000.5, 36000, 15, 1),
(728, '20040800149', 'AGN313', 'CAMARA', 10, 5, 0, 50, 36000, 5000, 6899, 1530000, 5000, 10000.5, 36000, 15, 1),
(729, '20040800150', 'AGN313', 'CAMARA', 10, 0, 6, 6, 36000, 5000, 6849, 183600, 5000, 10000.5, 36000, 15, 1),
(730, '20040800151', 'AGN313', 'CAMARA', 10, 3, 0, 30, 36000, 5000, 6843, 918000, 5000, 10000.5, 36000, 15, 1),
(731, '20040800152', 'AGN313', 'CAMARA', 10, 4, 0, 40, 36000, 5000, 6813, 1224000, 5000, 10000.5, 36000, 15, 1),
(732, '20040900154', 'AGN313', 'CAMARA', 10, 5, 0, 50, 36000, 5000, 6773, 1530000, 5000, 10000.5, 36000, 15, 1),
(733, '20042600155', 'AGN313', 'CAMARA', 10, 0, 4, 4, 36000, 5000, 6723, 122400, 5000, 10000.5, 36000, 15, 1),
(734, '20050300156', 'AGN313', 'CAMARA', 10, 5, 0, 50, 36000, 5000, 6719, 1530000, 5000, 10000.5, 36000, 15, 1),
(735, '20050300157', 'AGN313', 'CAMARA', 10, 1, 0, 10, 36000, 5000, 6669, 306000, 5000, 10000.5, 36000, 15, 1),
(736, '20050400158', 'AGN313', 'CAMARA', 10, 2, 0, 20, 36000, 5000, 6659, 612000, 5000, 10000.5, 36000, 15, 1),
(737, '20050400159', 'AGN313', 'CAMARA', 10, 0, 1, 1, 36000, 5000, 6639, 30600, 5000, 10000.5, 36000, 15, 1),
(738, '20050400160', 'AGN313', 'CAMARA', 10, 2, 0, 20, 36000, 5000, 6638, 612000, 5000, 10000.5, 36000, 15, 1),
(739, '20050400161', 'AGN313', 'CAMARA', 10, 0, 2, 2, 36000, 5000, 6618, 61200, 5000, 10000.5, 36000, 15, 1),
(740, '20050400162', 'AGN313', 'CAMARA', 10, 0, 1, 1, 36000, 5000, 6616, 30600, 5000, 10000.5, 36000, 15, 1),
(741, '20050400163', 'AGN313', 'CAMARA', 10, 0, 1, 1, 36000, 5000, 6615, 30600, 5000, 10000.5, 36000, 15, 1),
(742, '20050400164', 'AGN313', 'CAMARA', 10, 2, 0, 20, 36000, 5000, 6614, 612000, 5000, 10000.5, 36000, 15, 1),
(743, '20050400165', 'AGN313', 'CAMARA', 10, 1, 0, 10, 36000, 5000, 6594, 306000, 5000, 10000.5, 36000, 15, 1),
(744, '20050400166', 'AGN313', 'CAMARA', 10, 0, 2, 2, 36000, 5000, 6584, 61200, 5000, 10000.5, 36000, 15, 1),
(745, '20050400167', 'AGN313', 'CAMARA', 10, 2, 0, 20, 36000, 5000, 6582, 612000, 5000, 10000.5, 36000, 15, 1),
(746, '20050400168', '585', 'TELEFONO SSD JJK', 14, 60, 0, 840, 120, 80, -207, 100800, 100, 110, 120, 0, 1),
(747, '20050400169', 'AGN313', 'CAMARA', 10, 0, 1, 1, 36000, 5000, 6562, 30600, 5000, 10000.5, 36000, 15, 1),
(748, '20050400170', 'AGN313', 'CAMARA', 10, 1, 0, 10, 36000, 5000, 6561, 306000, 5000, 10000.5, 36000, 15, 1),
(749, '20050400171', 'AGN313', 'CAMARA', 10, 0, 1, 1, 36000, 5000, 6551, 30600, 5000, 10000.5, 36000, 15, 1),
(750, '20050400172', 'AGN313', 'CAMARA', 10, 0, 1, 1, 36000, 5000, 6550, 30600, 5000, 10000.5, 36000, 15, 1),
(751, '20050400173', 'AGN313', 'CAMARA', 10, 3, 0, 30, 36000, 5000, 6549, 918000, 5000, 10000.5, 36000, 15, 1),
(752, '20050400174', 'AGN313', 'CAMARA', 10, 10, 0, 100, 36000, 5000, 6519, 3060000, 5000, 10000.5, 36000, 15, 1),
(753, '20050400175', 'AGN313', 'CAMARA', 10, 2, 0, 20, 36000, 5000, 6419, 612000, 5000, 10000.5, 36000, 15, 1),
(754, '20050400176', 'AGN313', 'CAMARA', 10, 5, 0, 50, 36000, 5000, 6399, 1530000, 5000, 10000.5, 36000, 15, 1),
(755, '20050400177', 'AGN313', 'CAMARA', 10, 1, 0, 10, 36000, 5000, 6349, 306000, 5000, 10000.5, 36000, 15, 1),
(756, '20050400178', 'AGN313', 'CAMARA', 10, 0, 1, 1, 36000, 5000, 6339, 30600, 5000, 10000.5, 36000, 15, 1),
(757, '20050400179', 'AGN313', 'CAMARA', 10, 0, 3, 3, 36000, 5000, 6338, 91800, 5000, 10000.5, 36000, 15, 1),
(758, '20050400180', 'AGN313', 'CAMARA', 10, 1, 0, 10, 36000, 5000, 6335, 306000, 5000, 10000.5, 36000, 15, 1),
(759, '20050400181', 'AGN313', 'CAMARA', 10, 5, 0, 50, 36000, 5000, 6325, 1530000, 5000, 10000.5, 36000, 15, 1),
(760, '20050400182', 'AGN313', 'CAMARA', 10, 2, 0, 20, 36000, 5000, 6275, 612000, 5000, 10000.5, 36000, 15, 1),
(761, '20050400183', 'AGN313', 'CAMARA', 10, 0, 5, 5, 36000, 5000, 6255, 153000, 5000, 10000.5, 36000, 15, 1),
(762, '20050400184', 'AGN313', 'CAMARA', 10, 0, 1, 1, 36000, 5000, 6250, 30600, 5000, 10000.5, 36000, 15, 1),
(763, '20050400185', 'AGN313', 'CAMARA', 10, 0, 1, 1, 36000, 5000, 6249, 30600, 5000, 10000.5, 36000, 15, 1),
(764, '20050400186', 'AGN313', 'CAMARA', 10, 0, 1, 1, 36000, 5000, 6248, 30600, 5000, 10000.5, 36000, 15, 1),
(765, '20050400187', 'AGN313', 'CAMARA', 10, 0, 1, 1, 36000, 5000, 6247, 30600, 5000, 10000.5, 36000, 15, 1),
(766, '20050400188', 'AGN313', 'CAMARA', 10, 0, 1, 1, 36000, 5000, 6246, 30600, 5000, 10000.5, 36000, 15, 1),
(767, '20050400189', 'AGN313', 'CAMARA', 10, 0, 1, 1, 36000, 5000, 6245, 30600, 5000, 10000.5, 36000, 15, 1),
(768, '20050400190', 'AGN313', 'CAMARA', 10, 0, 1, 1, 36000, 5000, 6244, 30600, 5000, 10000.5, 36000, 15, 1),
(769, '20050400191', 'AGN313', 'CAMARA', 10, 0, 1, 1, 36000, 5000, 6243, 30600, 5000, 10000.5, 36000, 15, 1),
(770, '20050400192', 'AGN313', 'CAMARA', 10, 0, 1, 1, 36000, 5000, 6242, 30600, 5000, 10000.5, 36000, 15, 1),
(771, '20050500193', 'AGN313', 'CAMARA', 10, 0, 1, 1, 36000, 5000, 6241, 30600, 5000, 10000.5, 36000, 15, 1),
(772, '20050500195', 'AGN313', 'CAMARA', 10, 0, 1, 1, 36000, 5000, 6240, 30600, 5000, 10000.5, 36000, 15, 1),
(773, '20050500196', 'AGN313', 'CAMARA', 10, 0, 1, 1, 36000, 5000, 6239, 30600, 5000, 10000.5, 36000, 15, 1),
(774, '20050500197', 'AGN313', 'CAMARA', 10, 0, 1, 1, 36000, 5000, 6238, 30600, 5000, 10000.5, 36000, 15, 1),
(775, '20050500198', 'AGN313', 'CAMARA', 10, 0, 1, 1, 36000, 5000, 6237, 30600, 5000, 10000.5, 36000, 15, 1),
(776, '20050500199', 'AGN313', 'CAMARA', 10, 0, 1, 1, 36000, 5000, 6236, 30600, 5000, 10000.5, 36000, 15, 1),
(777, '20050500200', 'AGN313', 'CAMARA', 10, 0, 1, 1, 36000, 5000, 6235, 30600, 5000, 10000.5, 36000, 15, 1),
(778, '20050500201', 'AGN313', 'CAMARA', 10, 0, 1, 1, 36000, 5000, 6234, 30600, 5000, 10000.5, 36000, 15, 1),
(779, '20050500202', 'AGN313', 'CAMARA', 10, 5, 0, 50, 36000, 5000, 6233, 1530000, 5000, 10000.5, 36000, 15, 1),
(780, '20050500203', 'AGN313', 'CAMARA', 10, 0, 4, 4, 36000, 5000, 6183, 122400, 5000, 10000.5, 36000, 15, 1),
(781, '20050500204', 'AGN313', 'CAMARA', 10, 0, 1, 1, 36000, 5000, 6179, 30600, 5000, 10000.5, 36000, 15, 1),
(782, '20050500205', 'AGN313', 'CAMARA', 10, 0, 8, 8, 36000, 5000, 6178, 244800, 5000, 10000.5, 36000, 15, 1),
(783, '20050500206', 'AGN313', 'CAMARA', 10, 0, 2, 2, 36000, 5000, 6170, 61200, 5000, 10000.5, 36000, 15, 1),
(784, '20050500207', 'AGN313', 'CAMARA', 10, 0, 1, 1, 36000, 5000, 6168, 30600, 5000, 10000.5, 36000, 15, 1),
(785, '20050500208', 'AGN313', 'CAMARA', 10, 0, 5, 5, 36000, 5000, 6167, 153000, 5000, 10000.5, 36000, 15, 1),
(786, '20050500209', 'AGN313', 'CAMARA', 10, 0, 5, 5, 36000, 5000, 6162, 153000, 5000, 10000.5, 36000, 15, 1),
(787, '20050500210', 'AGN313', 'CAMARA', 10, 0, 2, 2, 36000, 5000, 6157, 61200, 5000, 10000.5, 36000, 15, 1),
(788, '20050500211', 'AGN313', 'CAMARA', 10, 0, 5, 5, 36000, 5000, 6155, 153000, 5000, 10000.5, 36000, 15, 1),
(789, '20050500212', 'AGN313', 'CAMARA', 10, 0, 4, 4, 36000, 5000, 6150, 122400, 5000, 10000.5, 36000, 15, 1),
(790, '20050500213', 'AGN313', 'CAMARA', 10, 0, 5, 5, 36000, 5000, 6146, 153000, 5000, 10000.5, 36000, 15, 1),
(791, '20050500214', 'AGN313', 'CAMARA', 10, 0, 4, 4, 36000, 5000, 6141, 122400, 5000, 10000.5, 36000, 15, 1),
(792, '20050500215', 'AGN313', 'CAMARA', 10, 0, 4, 4, 36000, 5000, 6137, 122400, 5000, 10000.5, 36000, 15, 1),
(793, '20050500216', 'AGN313', 'CAMARA', 10, 0, 5, 5, 36000, 5000, 6133, 176400, 5000, 10000.5, 36000, 2, 1),
(794, '20050500217', 'AGN313', 'CAMARA', 10, 0, 5, 5, 36000, 5000, 6128, 153000, 5000, 10000.5, 36000, 15, 1),
(795, '20050500218', 'AGN313', 'CAMARA', 10, 0, 1, 1, 36000, 5000, 6123, 30600, 5000, 10000.5, 36000, 15, 1),
(796, '20050500219', 'AGN313', 'CAMARA', 10, 0, 5, 5, 36000, 5000, 6122, 153000, 5000, 10000.5, 36000, 15, 1),
(797, '20050500220', 'AGN313', 'CAMARA', 10, 0, 1, 1, 36000, 5000, 6117, 30600, 5000, 10000.5, 36000, 15, 1),
(798, '20050500221', 'AGN313', 'CAMARA', 10, 0, 2, 2, 36000, 5000, 6116, 61200, 5000, 10000.5, 36000, 15, 1),
(799, '20050500222', 'AGN313', 'CAMARA', 10, 0, 5, 5, 36000, 5000, 6114, 153000, 5000, 10000.5, 36000, 15, 1),
(800, '20050600223', 'AGN313', 'CAMARA', 10, 0, 1, 1, 36000, 5000, 6109, 30600, 5000, 10000.5, 36000, 15, 1),
(801, '20050600224', 'WWE777', 'PLANCHA ELECTRICA', 15, 6, 0, 90, 50, 50000, -1363, 4365, 50, 50, 50, 3, 1),
(802, '20050600224', 'AGN313', 'CAMARA', 10, 0, 5, 5, 36000, 5000, 6108, 153000, 5000, 10000.5, 36000, 15, 1),
(804, '20050700226', 'LLL111', 'PALETA LAVADORA', 12, 2, 0, 24, 260000, 50000, 87, 6052800, 600000, 540000, 260000, 3, 1),
(805, '20050700225', 'LLL111', 'PALETA LAVADORA', 12, 2, 0, 24, 260000, 50000, 63, 6052800, 600000, 540000, 260000, 3, 5),
(806, '20050700230', 'LLL111', 'PALETA LAVADORA', 12, 2, 0, 24, 260000, 50000, 39, 6052800, 600000, 540000, 260000, 3, 1),
(807, '20050700231', 'LLL111', 'PALETA LAVADORA', 12, 0, 1, 1, 260000, 50000, 15, 252200, 600000, 540000, 260000, 3, 1),
(808, '20050700232', 'LLL111', 'PALETA LAVADORA', 12, 2, 0, 24, 260000, 50000, 14, 6052800, 600000, 540000, 260000, 3, 1),
(809, '20050800233', 'AGN313', 'CAMARA', 10, 0, 5, 5, 36000, 5000, 6103, 153000, 5000, 10000.5, 36000, 15, 1),
(810, '20050800234', 'AGN313', 'CAMARA', 10, 0, 5, 5, 36000, 5000, 6098, 153000, 5000, 10000.5, 36000, 15, 1),
(811, '20050800235', 'AGN313', 'CAMARA', 10, 0, 5, 5, 36000, 5000, 6093, 153000, 5000, 10000.5, 36000, 15, 1),
(812, '20050800236', 'AGN313', 'CAMARA', 10, 0, 2, 2, 36000, 5000, 6088, 61200, 5000, 10000.5, 36000, 15, 1),
(813, '20050800237', 'AGN313', 'CAMARA', 10, 0, 5, 5, 36000, 5000, 6086, 153000, 5000, 10000.5, 36000, 15, 1),
(814, '20050800238', 'AGN313', 'CAMARA', 10, 0, 5, 5, 36000, 5000, 6081, 153000, 5000, 10000.5, 36000, 15, 1),
(815, '20050800239', 'AGN313', 'CAMARA', 10, 0, 5, 5, 36000, 5000, 6076, 153000, 5000, 10000.5, 36000, 15, 1),
(816, '20050800240', 'AGN313', 'CAMARA', 10, 0, 5, 5, 36000, 5000, 6071, 153000, 5000, 10000.5, 36000, 15, 1),
(817, '20050800241', 'AGN313', 'CAMARA', 10, 2, 0, 20, 36000, 5000, 6066, 705600, 5000, 10000.5, 36000, 2, 1),
(818, '20050800242', 'AGN313', 'CAMARA', 10, 0, 5, 5, 36000, 5000, 6046, 171000, 5000, 10000.5, 36000, 5, 1),
(819, '20050800243', 'AGN313', 'CAMARA', 10, 0, 5, 5, 36000, 5000, 6041, 153000, 5000, 10000.5, 36000, 15, 1),
(820, '20050800244', 'AGN313', 'CAMARA', 10, 0, 5, 5, 36000, 5000, 6036, 153000, 5000, 10000.5, 36000, 15, 1),
(821, '20050800245', 'AGN313', 'CAMARA', 10, 0, 5, 5, 36000, 5000, 6031, 153000, 5000, 10000.5, 36000, 15, 1),
(822, '20050800246', 'AGN313', 'CAMARA', 10, 0, 5, 5, 36000, 5000, 6026, 153000, 5000, 10000.5, 36000, 15, 1),
(823, '20050800247', 'AGN313', 'CAMARA', 10, 0, 5, 5, 36000, 5000, 6021, 153000, 5000, 10000.5, 36000, 15, 1),
(824, '20050800248', 'AGN313', 'CAMARA', 10, 0, 5, 5, 36000, 5000, 6016, 153000, 5000, 10000.5, 36000, 15, 1),
(825, '20050800249', 'AGN313', 'CAMARA', 10, 0, 5, 5, 36000, 5000, 6011, 153000, 5000, 10000.5, 36000, 15, 1),
(826, '20050800250', 'AGN313', 'CAMARA', 10, 2, 0, 20, 36000, 5000, 6006, 612000, 5000, 10000.5, 36000, 15, 1),
(827, '20050800251', 'AGN313', 'CAMARA', 10, 0, 5, 5, 36000, 5000, 5986, 153000, 5000, 10000.5, 36000, 15, 1),
(828, '20050800252', 'AGN313', 'CAMARA', 10, 5, 0, 50, 36000, 5000, 5981, 1530000, 5000, 10000.5, 36000, 15, 1),
(829, '20050800253', 'AGN313', 'CAMARA', 10, 0, 5, 5, 36000, 5000, 5931, 153000, 5000, 10000.5, 36000, 15, 1),
(830, '20050800254', 'AGN313', 'CAMARA', 10, 0, 5, 5, 36000, 5000, 5926, 153000, 5000, 10000.5, 36000, 15, 1),
(831, '20050800255', 'AGN313', 'CAMARA', 10, 0, 5, 5, 36000, 5000, 5921, 153000, 5000, 10000.5, 36000, 15, 1),
(832, '20050800256', 'AGN313', 'CAMARA', 10, 100, 6, 1006, 36000, 5000, 5916, 30783600, 5000, 10000.5, 36000, 15, 1),
(833, '20050800256', 'WWE777', 'PLANCHA ELECTRICA', 15, 9999.999, 0, 9999.999, 50, 50000, -1453, 7275000, 50, 50, 50, 3, 1),
(834, '20050800257', 'AGN313', 'CAMARA', 10, 0, 5, 5, 36000, 5000, 4910, 153000, 5000, 10000.5, 36000, 15, 1),
(835, '20050800258', 'AGN313', 'CAMARA', 10, 1000, 0, 9999.999, 36000, 5000, 4905, 306000000, 5000, 10000.5, 36000, 15, 1),
(836, '20050800259', 'AGN313', 'CAMARA', 10, 0, 5, 5, 36000, 5000, -5095, 153000, 5000, 10000.5, 36000, 15, 1),
(837, '20050800260', 'AGN313', 'CAMARA', 10, 100, 0, 1000, 36000, 5000, -5100, 30600000, 5000, 10000.5, 36000, 15, 1),
(838, '20050800261', 'AGN313', 'CAMARA', 10, 0, 5, 5, 36000, 5000, -6100, 153000, 5000, 10000.5, 36000, 15, 1),
(839, '20050800262', 'AGN313', 'CAMARA', 10, 0, 5, 5, 36000, 5000, -6105, 153000, 5000, 10000.5, 36000, 15, 1),
(840, '20050800263', 'AGN313', 'CAMARA', 10, 300, 0, 3000, 36000, 5000, -6110, 91800000, 5000, 10000.5, 36000, 15, 1),
(841, '20050800264', 'AGN313', 'CAMARA', 10, 500, 0, 5000, 36000, 5000, -9110, 153000000, 5000, 10000.5, 36000, 15, 1),
(842, '20050800265', 'AGN313', 'CAMARA', 10, 950, 0, 9500, 36000, 5000, -14110, 290700000, 5000, 10000.5, 36000, 15, 1),
(843, '20050800267', 'AGN313', 'CAMARA', 10, 999, 0, 9990, 36000, 5000, -23610, 305694000, 5000, 10000.5, 36000, 15, 1),
(844, '20050800270', 'AGN313', 'CAMARA', 10, 0, 8, 8, 36000, 5000, -33600, 244800, 5000, 10000.5, 36000, 15, 1),
(845, '20050800271', 'AGN313', 'CAMARA', 10, 0, 999, 999, 36000, 5000, -33608, 30569400, 5000, 10000.5, 36000, 15, 1),
(846, '20050800272', 'AGN313', 'CAMARA', 10, 999, 0, 9990, 36000, 5000, -33608, 305694000, 5000, 10000.5, 36000, 15, 1),
(847, '20050800273', 'AGN313', 'CAMARA', 10, 45, 0, 450, 36000, 5000, -33608, 13770000, 5000, 10000.5, 36000, 15, 1),
(848, '20050800274', 'AGN313', 'CAMARA', 10, 0, 5, 5, 36000, 5000, -33608, 153000, 5000, 10000.5, 36000, 15, 1),
(849, '20050800275', 'AGN313', 'CAMARA', 10, 0, 5, 5, 36000, 5000, -33613, 153000, 5000, 10000.5, 36000, 15, 1),
(850, '20050800276', 'AGN313', 'CAMARA', 10, 0, 5, 5, 36000, 5000, -33613, 153000, 5000, 10000.5, 36000, 15, 1),
(851, '20050800277', 'AGN313', 'CAMARA', 10, 0, 6, 6, 36000, 5000, -33618, 183600, 5000, 10000.5, 36000, 15, 1),
(852, '20050800278', 'AGN313', 'CAMARA', 10, 4, 0, 40, 36000, 5000, -33618, 1224000, 5000, 10000.5, 36000, 15, 1),
(853, '20050800279', 'AGN313', 'CAMARA', 10, 0, 3, 3, 36000, 5000, -33658, 91800, 5000, 10000.5, 36000, 15, 1),
(854, '20050800280', 'AGN313', 'CAMARA', 10, 0, 6, 6, 36000, 5000, -33661, 183600, 5000, 10000.5, 36000, 15, 1),
(855, '20050800281', 'AGN313', 'CAMARA', 10, 0, 3, 3, 36000, 5000, -33667, 91800, 5000, 10000.5, 36000, 15, 1),
(856, '20050800282', 'AGN313', 'CAMARA', 10, 3, 0, 30, 36000, 5000, -33667, 918000, 5000, 10000.5, 36000, 15, 1),
(857, '20050800283', 'AGN313', 'CAMARA', 10, 0, 5, 5, 36000, 5000, -33697, 153000, 5000, 10000.5, 36000, 15, 1),
(858, '20050800284', 'CACA001', 'JAULA PARA LORO', 1, 0, 3, 3, 150000, 50000, 1600, 405000, 100000, 100000, 150000, 10, 1),
(859, '20050800285', 'AGN313', 'CAMARA', 10, 0, 45, 45, 36000, 5000, -33702, 1377000, 5000, 10000.5, 36000, 15, 1),
(860, '20050800286', 'AGN313', 'CAMARA', 10, 0, 5, 5, 36000, 5000, -33747, 153000, 5000, 10000.5, 36000, 15, 1),
(861, '20050800287', 'AGN313', 'CAMARA', 10, 0, 5, 5, 36000, 5000, -33752, 153000, 5000, 10000.5, 36000, 15, 1),
(862, '20050800288', 'AGN313', 'CAMARA', 10, 0, 3, 3, 36000, 5000, -33757, 91800, 5000, 10000.5, 36000, 15, 1),
(863, '20050800289', 'AGN313', 'CAMARA', 10, 56, 0, 560, 36000, 5000, -33757, 17136000, 5000, 10000.5, 36000, 15, 1),
(864, '20050800290', 'AGN313', 'CAMARA', 10, 0, 4, 4, 36000, 5000, -33757, 122400, 5000, 10000.5, 36000, 15, 1),
(865, '20050800291', 'AGN313', 'CAMARA', 10, 4, 0, 40, 36000, 5000, -33761, 1224000, 5000, 10000.5, 36000, 15, 1),
(866, '20051000292', 'AGN313', 'CAMARA', 10, 0, 3, 3, 36000, 5000, -33801, 91800, 5000, 10000.5, 36000, 15, 1),
(867, '20051000293', 'AGN313', 'CAMARA', 10, 0, 5, 5, 36000, 5000, -33804, 153000, 5000, 10000.5, 36000, 15, 1),
(868, '20051000294', 'AGN313', 'CAMARA', 10, 0, 6, 6, 36000, 5000, -33809, 183600, 5000, 10000.5, 36000, 15, 1),
(869, '20051000295', 'AGN313', 'CAMARA', 10, 0, 5, 5, 36000, 5000, -33809, 153000, 5000, 10000.5, 36000, 15, 1),
(870, '20051000296', 'AGN313', 'CAMARA', 10, 0, 5, 5, 36000, 5000, -33809, 153000, 5000, 10000.5, 36000, 15, 1),
(871, '20051000297', 'AGN313', 'CAMARA', 10, 0, 5, 5, 36000, 5000, -33814, 153000, 5000, 10000.5, 36000, 15, 1),
(872, '20051000298', 'AGN313', 'CAMARA', 10, 0, 5, 5, 36000, 5000, -33819, 153000, 5000, 10000.5, 36000, 15, 1),
(873, '20051000299', 'AGN313', 'CAMARA', 10, 0, 5, 5, 36000, 5000, -33824, 153000, 5000, 10000.5, 36000, 15, 1),
(874, '20051000300', 'AGN313', 'CAMARA', 10, 1, 0, 10, 36000, 5000, -33829, 306000, 5000, 10000.5, 36000, 15, 1),
(875, '20051000301', 'AGN313', 'CAMARA', 10, 0, 5, 5, 36000, 5000, -33829, 153000, 5000, 10000.5, 36000, 15, 1),
(876, '20051000302', 'AGN313', 'CAMARA', 10, 0, 5, 5, 36000, 5000, -33834, 153000, 5000, 10000.5, 36000, 15, 1),
(877, '20051000303', 'AGN313', 'CAMARA', 10, 0, 5, 5, 36000, 5000, -33839, 153000, 5000, 10000.5, 36000, 15, 1),
(878, '20051000304', 'AGN313', 'CAMARA', 10, 0, 5, 5, 36000, 5000, -33844, 153000, 5000, 10000.5, 36000, 15, 1),
(879, '20051000305', 'AGN313', 'CAMARA', 10, 0, 5, 5, 36000, 5000, -33844, 153000, 5000, 10000.5, 36000, 15, 1),
(880, '20051000306', 'AGN313', 'CAMARA', 10, 0, 5, 5, 36000, 5000, -33849, 153000, 5000, 10000.5, 36000, 15, 1),
(881, '20051000307', 'AGN313', 'CAMARA', 10, 0, 5, 5, 36000, 5000, -33849, 153000, 5000, 10000.5, 36000, 15, 1),
(882, '20051000308', 'AGN313', 'CAMARA', 10, 0, 5, 5, 36000, 5000, -33854, 153000, 5000, 10000.5, 36000, 15, 1),
(883, '20051000309', 'AGN313', 'CAMARA', 10, 0, 5, 5, 36000, 5000, -33859, 153000, 5000, 10000.5, 36000, 15, 1),
(884, '20051000310', 'AGN313', 'CAMARA', 10, 0, 5, 5, 36000, 5000, -33864, 153000, 5000, 10000.5, 36000, 15, 1),
(885, '20051000311', 'AGN313', 'CAMARA', 10, 0, 5, 5, 36000, 5000, -33869, 153000, 5000, 10000.5, 36000, 15, 1),
(886, '20051000312', 'AGN313', 'CAMARA', 10, 0, 5, 5, 36000, 5000, -33874, 153000, 5000, 10000.5, 36000, 15, 1),
(887, '20051000313', 'AGN313', 'CAMARA', 10, 0, 5, 5, 36000, 5000, -33879, 153000, 5000, 10000.5, 36000, 15, 1),
(888, '20051000314', 'AGN313', 'CAMARA', 10, 0, 5, 5, 36000, 5000, -33884, 153000, 5000, 10000.5, 36000, 15, 1),
(889, '20051100315', 'AGN313', 'CAMARA', 10, 0, 5, 5, 36000, 5000, -33889, 153000, 5000, 10000.5, 36000, 15, 1),
(890, '20051100316', 'AGN313', 'CAMARA', 10, 0, 5, 5, 36000, 5000, -33894, 153000, 5000, 10000.5, 36000, 15, 1),
(891, '20051100317', 'AGN313', 'CAMARA', 10, 0, 5, 5, 36000, 5000, -33899, 153000, 5000, 10000.5, 36000, 15, 5),
(893, '20051100319', 'AGN313', 'CAMARA', 10, 0, 5, 5, 36000, 5000, -33909, 153000, 5000, 10000.5, 36000, 15, 1),
(897, '20051100320', 'AGN313', 'CAMARA', 10, 0, 5, 5, 36000, 5000, -33914, 153000, 5000, 10000.5, 36000, 15, 5),
(898, '20051100318', 'AGN313', 'CAMARA', 10, 0, 5, 5, 36000, 5000, -33914, 153000, 5000, 10000.5, 36000, 15, 5),
(900, '20051100321', 'AGN313', 'CAMARA', 10, 0, 2, 2, 36000, 5000, -33919, 61200, 5000, 10000.5, 36000, 15, 5),
(901, '20051100322', 'AGN313', 'CAMARA', 10, 0, 5, 5, 36000, 5000, -33921, 153000, 5000, 10000.5, 36000, 15, 5),
(902, '20051100323', 'AGN313', 'CAMARA', 10, 0, 5, 5, 36000, 5000, -33926, 153000, 5000, 10000.5, 36000, 15, 1),
(903, '20051100324', 'AGN313', 'CAMARA', 10, 0, 5, 5, 36000, 5000, -33931, 153000, 5000, 10000.5, 36000, 15, 5),
(904, '20051100325', 'AGN313', 'CAMARA', 10, 0, 5, 5, 36000, 5000, -33936, 153000, 5000, 10000.5, 36000, 15, 1),
(905, '20051100326', 'AGN313', 'CAMARA', 10, 0, 5, 5, 36000, 5000, -33941, 153000, 5000, 10000.5, 36000, 15, 1),
(906, '20051100327', 'AGN313', 'CAMARA', 10, 0, 6, 6, 36000, 5000, -33946, 183600, 5000, 10000.5, 36000, 15, 1),
(907, '20051100328', 'AGN313', 'CAMARA', 10, 0, 5, 5, 36000, 5000, -33952, 153000, 5000, 10000.5, 36000, 15, 1),
(908, '20051100329', 'AGN313', 'CAMARA', 10, 0, 5, 5, 36000, 5000, -33957, 153000, 5000, 10000.5, 36000, 15, 1),
(909, '20051200334', 'AGN313', 'CAMARA', 10, 0, 5, 5, 36000, 5000, -33962, 153000, 5000, 10000.5, 36000, 15, 1),
(910, '20051200335', 'AGN313', 'CAMARA', 10, 0, 5, 5, 36000, 5000, -33967, 153000, 5000, 10000.5, 36000, 15, 1),
(911, '20051200336', 'AGN313', 'CAMARA', 10, 0, 6, 6, 36000, 5000, -33972, 183600, 5000, 10000.5, 36000, 15, 1),
(912, '20051200331', 'AGN313', 'CAMARA', 10, 0, 5, 5, 36000, 5000, -33978, 153000, 5000, 10000.5, 36000, 15, 5),
(913, '20052100338', 'AGN313', 'CAMARA', 10, 0, 5, 5, 36000, 5000, -33983, 153000, 5000, 10000.5, 36000, 15, 1),
(914, '20052600339', 'AGN313', 'CAMARA', 10, 0, 5, 5, 36000, 5000, -33988, 153000, 5000, 10000.5, 36000, 15, 1),
(915, '20052600340', 'AGN313', 'CAMARA', 10, 800, 0, 8000, 36000, 5000, -33993, 244800000, 5000, 10000.5, 36000, 15, 1),
(916, '20052600342', 'AGN313', 'CAMARA', 10, 1000, 0, 10000, 36000, 5000, -41993, 306000000, 5000, 10000.5, 36000, 15, 1),
(917, '20052600343', 'AGN313', 'CAMARA', 10, 500, 0, 5000, 36000, 5000, -51993, 153000000, 5000, 10000.5, 36000, 15, 1),
(918, '20052600344', 'AGN313', 'CAMARA', 10, 2000, 0, 20000, 36000, 5000, -51993, 612000000, 5000, 10000.5, 36000, 15, 1),
(919, '20052600345', 'AGN313', 'CAMARA', 10, 5000, 0, 50000, 36000, 5000, -51993, 1530000000, 5000, 10000.5, 36000, 15, 1),
(920, '200629V00346', 'AGN313', 'CAMARA', 10, 0, 5, 5, 36000, 5000, -98993, 153000, 5000, 10000.5, 36000, 15, 1),
(921, '200629V00348', 'AGN313', 'CAMARA', 10, 0, 5, 5, 36000, 5000, -98993, 153000, 5000, 10000.5, 36000, 15, 1),
(922, '200629V00349', 'AGN313', 'CAMARA', 10, 0, 2, 2, 36000, 5000, -98438, 61200, 5000, 10000.5, 36000, 15, 1),
(923, '200715V00350', 'AGN313', 'CAMARA', 10, 80, 0, 800, 36000, 5000, -98229, 24480000, 5000, 10000.5, 36000, 15, 1),
(924, '200717V00351', '000', 'NEUMATICO ', 100, 0, 5, 5, 30, 10, 118164, 145.5, 30, 30, 30, 3, 1),
(925, '200717V00352', '669', 'TESTE HUAWEI P30', 1, 0, 5, 5, 7000000, 1866763.64, 110, 30800000, 6000000, 6500000, 7000000, 12, 1),
(926, '200717V00354', 'AGN313', 'CAMARA', 10, 0, 7, 7, 36000, 5000, -99029, 214200, 5000, 10000.5, 36000, 15, 1),
(927, '200811V00355', '000', 'NEUMATICO ', 100, 1, 0, 100, 30, 10, 118159, 2910, 30, 30, 30, 3, 1),
(928, '200812V00358', '6546', 'PAJARRACOS', 10, 0, 5, 5, 160000, 50395.92, 2664, 776000, 70000, 100000, 160000, 3, 1),
(929, '201108V00359', 'AAA111', 'LICUADORA', 1, 0, 12, 12, 130000, 85261.04, 147, 1513200, 110000, 120000, 130000, 3, 1),
(930, '201108V00360', 'CACA001', 'JAULA PARA LORO', 1, 0, 1, 1, 150000, 50000, 1599, 135000, 100000, 100000, 150000, 10, 1),
(931, '201109V00361', '000', 'NEUMATICO ', 100, 0, 50, 50, 30, 10, 118559, 1500, 30, 30, 30, 0, 1),
(932, '201110V00362', 'WWE777', 'PLANCHA ELECTRICA', 15, 1, 0, 15, 65000, 50000, -136453, 945750, 55000, 57500, 65000, 3, 1),
(933, '201116V00363', '000', 'NEUMATICO ', 100, 10, 0, 1000, 30, 10, 118509, 29100, 30, 30, 30, 3, 1),
(935, '210106V00364', '585', 'TELEFONO SSD JJK', 14, 10, 0, 140, 120, 80, -1033, 16800, 100, 110, 120, 0, 1);

--
-- Filtros para las tablas descargadas (dump)
--

--
-- Filtros para la tabla `caja`
--
ALTER TABLE `caja`
  ADD CONSTRAINT `caja_ibfk_2` FOREIGN KEY (`cja_codpersonal`) REFERENCES `personal` (`per_codigo`),
  ADD CONSTRAINT `caja_ibfk_4` FOREIGN KEY (`cja_cajanumero`) REFERENCES `cfg_caja` (`cjs_numero`);

--
-- Filtros para la tabla `caja_pagos`
--
ALTER TABLE `caja_pagos`
  ADD CONSTRAINT `caja_pagos_ibfk_1` FOREIGN KEY (`cpago_numerocaja`) REFERENCES `caja` (`cja_numero`),
  ADD CONSTRAINT `caja_pagos_ibfk_2` FOREIGN KEY (`cpago_codmoneda`) REFERENCES `cotizacion` (`cot_codigo`),
  ADD CONSTRAINT `caja_pagos_ibfk_3` FOREIGN KEY (`cpago_cajanumero`) REFERENCES `cfg_caja` (`cjs_numero`),
  ADD CONSTRAINT `caja_pagos_ibfk_4` FOREIGN KEY (`cpago_user`) REFERENCES `usuarios` (`user_codigo`);

--
-- Filtros para la tabla `clientes`
--
ALTER TABLE `clientes`
  ADD CONSTRAINT `clientes_ibfk_1` FOREIGN KEY (`cli_codciudad`) REFERENCES `ciudad` (`ciu_codigo`),
  ADD CONSTRAINT `clientes_ibfk_2` FOREIGN KEY (`cli_codpais`) REFERENCES `pais` (`pais_codigo`);

--
-- Filtros para la tabla `compras`
--
ALTER TABLE `compras`
  ADD CONSTRAINT `compras_ibfk_1` FOREIGN KEY (`com_proveedor`) REFERENCES `proveedores` (`prov_codigo`),
  ADD CONSTRAINT `compras_ibfk_2` FOREIGN KEY (`com_personal`) REFERENCES `personal` (`per_codigo`),
  ADD CONSTRAINT `compras_ibfk_3` FOREIGN KEY (`com_usuario`) REFERENCES `usuarios` (`user_codigo`),
  ADD CONSTRAINT `compras_ibfk_4` FOREIGN KEY (`com_usuariomod`) REFERENCES `usuarios` (`user_codigo`);

--
-- Filtros para la tabla `compra_detalle`
--
ALTER TABLE `compra_detalle`
  ADD CONSTRAINT `compra_detalle_ibfk_1` FOREIGN KEY (`comd_nrocompra`) REFERENCES `compras` (`com_numero`),
  ADD CONSTRAINT `compra_detalle_ibfk_2` FOREIGN KEY (`comd_codproducto`) REFERENCES `productos` (`prod_codigo`);

--
-- Filtros para la tabla `historial_cotizacion`
--
ALTER TABLE `historial_cotizacion`
  ADD CONSTRAINT `historial_cotizacion_ibfk_1` FOREIGN KEY (`hcot_codmoneda`) REFERENCES `cotizacion` (`cot_codigo`),
  ADD CONSTRAINT `historial_cotizacion_ibfk_2` FOREIGN KEY (`hcot_coduser`) REFERENCES `usuarios` (`user_codigo`);

--
-- Filtros para la tabla `productos`
--
ALTER TABLE `productos`
  ADD CONSTRAINT `productos_ibfk_1` FOREIGN KEY (`prod_codgrupo`) REFERENCES `grupo` (`grup_codigo`),
  ADD CONSTRAINT `productos_ibfk_2` FOREIGN KEY (`prod_codmarca`) REFERENCES `marcas` (`mar_codigo`),
  ADD CONSTRAINT `productos_ibfk_3` FOREIGN KEY (`prod_codproveedor`) REFERENCES `proveedores` (`prov_codigo`),
  ADD CONSTRAINT `productos_ibfk_4` FOREIGN KEY (`prod_unmedida`) REFERENCES `unmedidas` (`unm_codigo`);

--
-- Filtros para la tabla `proveedores`
--
ALTER TABLE `proveedores`
  ADD CONSTRAINT `proveedores_ibfk_1` FOREIGN KEY (`prov_codciudad`) REFERENCES `ciudad` (`ciu_codigo`),
  ADD CONSTRAINT `proveedores_ibfk_2` FOREIGN KEY (`prov_codpais`) REFERENCES `pais` (`pais_codigo`);

--
-- Filtros para la tabla `ventas`
--
ALTER TABLE `ventas`
  ADD CONSTRAINT `ventas_ibfk_1` FOREIGN KEY (`ven_cliente`) REFERENCES `clientes` (`cli_codigo`),
  ADD CONSTRAINT `ventas_ibfk_2` FOREIGN KEY (`ven_personal`) REFERENCES `personal` (`per_codigo`),
  ADD CONSTRAINT `ventas_ibfk_3` FOREIGN KEY (`ven_usuario`) REFERENCES `usuarios` (`user_codigo`),
  ADD CONSTRAINT `ventas_ibfk_4` FOREIGN KEY (`ven_usuariomod`) REFERENCES `usuarios` (`user_codigo`);

--
-- Filtros para la tabla `venta_detalle`
--
ALTER TABLE `venta_detalle`
  ADD CONSTRAINT `venta_detalle_ibfk_1` FOREIGN KEY (`vend_nroventa`) REFERENCES `ventas` (`ven_numero`),
  ADD CONSTRAINT `venta_detalle_ibfk_2` FOREIGN KEY (`vend_codproducto`) REFERENCES `productos` (`prod_codigo`);
